{"stats":{"minecraft:custom":{"minecraft:interact_with_furnace":4,"minecraft:mob_kills":11,"tombstone:raider_killed":1,"minecraft:interact_with_crafting_table":8,"minecraft:leave_game":7,"minecraft:time_since_death":6938,"minecraft:sleep_in_bed":1,"minecraft:time_since_rest":6321,"minecraft:sprint_one_cm":56755,"minecraft:damage_taken":1508,"minecraft:walk_one_cm":67268,"minecraft:trigger_trapped_chest":1,"minecraft:drop":6,"minecraft:damage_dealt":1433,"minecraft:swim_one_cm":122315,"minecraft:fly_one_cm":82770,"minecraft:open_chest":3,"minecraft:play_time":41144,"tombstone:undead_killed":1,"minecraft:deaths":4,"minecraft:sneak_time":118,"minecraft:walk_under_water_one_cm":30636,"minecraft:jump":330,"minecraft:walk_on_water_one_cm":27698,"minecraft:total_world_time":41144,"minecraft:fall_one_cm":4949},"minecraft:killed":{"minecraft:witch":1,"minecraft:sheep":3,"iceandfire:ghost":1,"minecraft:chicken":3,"minecraft:cow":2},"minecraft:killed_by":{"man:managgresive":1,"grimoireofgaia:cecaelia":1,"iceandfire:ghost":1},"minecraft:crafted":{"minecraft:wooden_sword":1,"minecraft:oak_planks":8,"minecraft:crafting_table":1,"minecraft:wooden_pickaxe":1,"minecraft:furnace":1,"minecraft:air":0,"biomesoplenty:fir_planks":36,"minecraft:charcoal":6,"minecraft:stick":8,"minecraft:wooden_axe":1,"minecraft:chest":1,"minecraft:white_bed":1,"minecraft:torch":16,"biomesoplenty:fir_door":3},"minecraft:used":{"minecraft:chest":1,"minecraft:wooden_pickaxe":11,"minecraft:diamond_axe":44,"minecraft:torch":13,"minecraft:dirt":23,"minecraft:crafting_table":4,"minecraft:white_bed":1,"minecraft:wooden_axe":13,"minecraft:diamond_pickaxe":369,"croptopia:toast":4,"minecraft:wooden_sword":28,"minecraft:diamond_sword":21,"minecraft:cobblestone":6,"biomesoplenty:fir_door":9,"minecraft:furnace":2,"croptopia:bellpepper":2,"alexsmobs:animal_dictionary":1},"minecraft:mined":{"croptopia:bellpepper_crop":2,"croptopia:pepper_crop":2,"iceandfire:silver_ore":2,"croptopia:sweetpotato_crop":1,"minecraft:crafting_table":3,"minecraft:grass_block":7,"gobber2:gobber2_lucky_block":4,"minecraft:lapis_ore":3,"croptopia:barley_crop":1,"minecraft:furnace":1,"minecraft:iron_ore":2,"croptopia:corn_crop":2,"minecraft:pumpkin":7,"biomesoplenty:fir_log":40,"minecraft:grass":2,"biomesoplenty:fir_door":7,"croptopia:squash_crop":1,"minecraft:coal_ore":23,"biomesoplenty:fir_leaves":13,"minecraft:dirt":19,"minecraft:stone":344,"minecraft:oak_leaves":1,"minecraft:fern":2},"minecraft:picked_up":{"croptopia:toast":37,"minecraft:crafting_table":3,"minecraft:leather":4,"croptopia:sweetpotato_seed":2,"minecraft:diamond_sword":1,"biomesoplenty:fir_sapling":1,"biomesoplenty:fir_log":38,"minecraft:oak_log":2,"minecraft:lapis_lazuli":13,"minecraft:dirt":25,"minecraft:string":4,"biomesoplenty:fir_door":7,"croptopia:bellpepper_seed":2,"croptopia:corn":2,"croptopia:barley":1,"croptopia:sweetpotato":1,"minecraft:wheat_seeds":2,"minecraft:diamond_leggings":1,"minecraft:iron_ingot":32,"croptopia:bellpepper":2,"minecraft:beef":5,"croptopia:pepper_seed":3,"minecraft:diamond_helmet":1,"minecraft:glowstone_dust":1,"gobber2:gobber2_gooey_bread":2,"minecraft:furnace":1,"minecraft:stick":1,"minecraft:raw_iron":2,"croptopia:corn_seed":4,"croptopia:barley_seed":1,"minecraft:torch":1,"minecraft:spider_eye":2,"gobber2:gobber2_foo":1,"minecraft:diamond_chestplate":1,"minecraft:diamond_boots":1,"minecraft:diamond_axe":1,"minecraft:chainmail_helmet":1,"croptopia:pepper":1,"gobber2:gobber2_goo":1,"minecraft:mutton":4,"minecraft:white_wool":3,"minecraft:coal":13,"iceandfire:raw_silver":2,"minecraft:cobblestone":316,"minecraft:diamond_pickaxe":2},"minecraft:dropped":{"minecraft:cobblestone":12,"biomesoplenty:fir_planks":4,"minecraft:spider_eye":1,"minecraft:wooden_sword":1,"minecraft:string":2}},"DataVersion":3465}