{"stats":{"minecraft:used":{"minecraft:stone_pickaxe":100,"minecraft:chest":2,"minecraft:wooden_pickaxe":27,"minecraft:sandstone":10,"minecraft:rotten_flesh":4,"minecraft:sand":4,"minecraft:crafting_table":7,"croptopia:chile_pepper":1,"minecraft:campfire":1,"biomesoplenty:toadstool":2,"evilcraft:flesh_humanoid":2,"minecraft:stone_axe":86,"minecraft:cobblestone":71,"biomesoplenty:fir_door":1,"minecraft:furnace":2,"minecraft:cooked_porkchop":3,"tombstone:gift":1},"minecraft:dropped":{"croptopia:raspberry":2,"iceandfire:ectoplasm":1,"biomesoplenty:fir_planks":7},"minecraft:mined":{"minecraft:dark_oak_log":1,"minecraft:crafting_table":4,"minecraft:dark_oak_wood":4,"minecraft:grass_block":1,"minecraft:chest":1,"croptopia:raspberry_crop":1,"minecraft:tall_grass":1,"minecraft:cobblestone":8,"minecraft:sandstone":10,"minecraft:skeleton_skull":1,"minecraft:coarse_dirt":1,"minecraft:furnace":1,"biomesoplenty:toadstool":4,"biomesoplenty:fir_log":41,"minecraft:wither_rose":2,"croptopia:chile_pepper_crop":2,"minecraft:grass":9,"minecraft:vine":7,"minecraft:sand":4,"minecraft:dirt":3,"minecraft:stone":91,"minecraft:fern":7},"minecraft:crafted":{"minecraft:cooked_porkchop":3,"minecraft:crafting_table":3,"minecraft:wooden_pickaxe":1,"minecraft:furnace":1,"minecraft:campfire":1,"minecraft:stone_axe":1,"minecraft:air":0,"biomesoplenty:fir_planks":132,"minecraft:charcoal":1,"minecraft:stick":16,"minecraft:stone_pickaxe":1,"minecraft:chest":1,"biomesoplenty:fir_door":6},"minecraft:killed_by":{"grimoireofgaia:cecaelia":1,"minecraft:zombie":1,"hordes:zombie_player":2,"iceandfire:ghost":2},"minecraft:custom":{"minecraft:interact_with_furnace":10,"minecraft:mob_kills":6,"minecraft:interact_with_crafting_table":11,"minecraft:damage_dealt_resisted":0,"minecraft:time_since_death":7439,"minecraft:climb_one_cm":36,"minecraft:time_since_rest":6770,"minecraft:sprint_one_cm":152908,"minecraft:damage_taken":1848,"minecraft:walk_one_cm":86580,"minecraft:trigger_trapped_chest":2,"minecraft:drop":4,"minecraft:damage_dealt":1407,"minecraft:swim_one_cm":24882,"minecraft:fly_one_cm":224986,"minecraft:open_chest":2,"minecraft:play_time":40252,"tombstone:undead_killed":5,"minecraft:deaths":7,"minecraft:sneak_time":536,"minecraft:walk_under_water_one_cm":4306,"minecraft:jump":842,"minecraft:walk_on_water_one_cm":5158,"minecraft:total_world_time":40252,"minecraft:fall_one_cm":16764},"minecraft:killed":{"minecraft:pig":1,"hordes:zombie_player":1,"hordes:drowned_player":1,"minecraft:zombie":2,"iceandfire:ghost":1},"minecraft:picked_up":{"minecraft:crafting_table":4,"minecraft:wooden_pickaxe":2,"minecraft:potato":3,"minecraft:wither_rose":2,"biomesoplenty:fir_log":44,"iceandfire:ectoplasm":1,"evilcraft:flesh_humanoid":3,"minecraft:dirt":1,"biomesoplenty:fir_door":2,"minecraft:wheat_seeds":8,"biomesoplenty:fir_planks":116,"theoneprobe:probenote":4,"croptopia:raspberry":2,"minecraft:stone_pickaxe":2,"minecraft:chest":1,"minecraft:egg":1,"minecraft:furnace":1,"biomesoplenty:toadstool":19,"croptopia:chile_pepper_seed":4,"minecraft:stick":9,"minecraft:sandstone":10,"patchouli:guide_book":4,"minecraft:porkchop":5,"minecraft:sand":4,"tombstone:grave_dust":2,"minecraft:dark_oak_log":1,"alexsmobs:animal_dictionary":4,"croptopia:chile_pepper":2,"minecraft:rotten_flesh":10,"minecraft:stone_axe":2,"croptopia:raspberry_seed":6,"minecraft:dark_oak_wood":3,"minecraft:skeleton_skull":1,"minecraft:cobblestone":127}},"DataVersion":3465}