{"stats":{"minecraft:used":{"minecraft:stone_pickaxe":81,"minecraft:chest":2,"minecraft:wooden_pickaxe":27,"minecraft:sandstone":10,"minecraft:stone_axe":58,"minecraft:sand":4,"minecraft:cobblestone":3,"minecraft:furnace":1,"minecraft:crafting_table":6,"croptopia:chile_pepper":1,"tombstone:gift":1},"minecraft:dropped":{"biomesoplenty:fir_planks":7,"croptopia:raspberry":2},"minecraft:mined":{"minecraft:furnace":1,"biomesoplenty:toadstool":3,"biomesoplenty:fir_log":41,"minecraft:crafting_table":4,"croptopia:chile_pepper_crop":1,"minecraft:grass":7,"minecraft:chest":1,"minecraft:sand":4,"croptopia:raspberry_crop":1,"minecraft:cobblestone":1,"minecraft:stone":91,"minecraft:sandstone":10,"minecraft:fern":7},"minecraft:crafted":{"biomesoplenty:fir_planks":120,"minecraft:cooked_porkchop":1,"minecraft:crafting_table":3,"minecraft:stick":8,"minecraft:wooden_pickaxe":1,"minecraft:stone_pickaxe":1,"minecraft:chest":1,"minecraft:furnace":1,"minecraft:stone_axe":1,"minecraft:air":0},"minecraft:custom":{"minecraft:time_since_rest":8162,"minecraft:interact_with_furnace":4,"minecraft:sprint_one_cm":56035,"minecraft:damage_taken":255,"minecraft:walk_one_cm":29039,"minecraft:mob_kills":3,"minecraft:drop":3,"minecraft:damage_dealt":500,"minecraft:swim_one_cm":3839,"minecraft:interact_with_crafting_table":7,"minecraft:fly_one_cm":64367,"minecraft:open_chest":2,"minecraft:play_time":16252,"tombstone:undead_killed":2,"minecraft:deaths":1,"minecraft:sneak_time":475,"minecraft:walk_under_water_one_cm":3002,"minecraft:jump":276,"minecraft:walk_on_water_one_cm":1046,"minecraft:time_since_death":8501,"minecraft:total_world_time":16252,"minecraft:fall_one_cm":6183},"minecraft:killed":{"minecraft:pig":1,"minecraft:zombie":1,"hordes:drowned_player":1},"minecraft:picked_up":{"biomesoplenty:toadstool":6,"croptopia:chile_pepper_seed":1,"minecraft:crafting_table":4,"minecraft:sandstone":10,"biomesoplenty:fir_log":37,"minecraft:porkchop":5,"minecraft:sand":4,"evilcraft:flesh_humanoid":1,"croptopia:chile_pepper":1,"minecraft:rotten_flesh":2,"minecraft:wheat_seeds":2,"biomesoplenty:fir_planks":70,"croptopia:raspberry_seed":2,"croptopia:raspberry":2,"minecraft:chest":1,"minecraft:cobblestone":92,"minecraft:furnace":1}},"DataVersion":3465}