{"stats":{"minecraft:used":{"minecraft:stone_pickaxe":88,"minecraft:chest":2,"minecraft:wooden_pickaxe":27,"minecraft:sandstone":10,"minecraft:rotten_flesh":4,"minecraft:sand":4,"minecraft:crafting_table":7,"croptopia:chile_pepper":1,"minecraft:campfire":1,"evilcraft:flesh_humanoid":2,"minecraft:stone_axe":65,"minecraft:cobblestone":71,"biomesoplenty:fir_door":1,"minecraft:furnace":2,"minecraft:cooked_porkchop":3,"tombstone:gift":1},"minecraft:dropped":{"croptopia:raspberry":2,"biomesoplenty:fir_planks":7},"minecraft:mined":{"minecraft:crafting_table":4,"minecraft:chest":1,"croptopia:raspberry_crop":1,"minecraft:cobblestone":8,"minecraft:sandstone":10,"minecraft:furnace":1,"biomesoplenty:toadstool":3,"biomesoplenty:fir_log":41,"croptopia:chile_pepper_crop":1,"minecraft:grass":7,"minecraft:sand":4,"minecraft:stone":91,"minecraft:fern":7},"minecraft:crafted":{"minecraft:cooked_porkchop":3,"minecraft:crafting_table":3,"minecraft:wooden_pickaxe":1,"minecraft:furnace":1,"minecraft:campfire":1,"minecraft:stone_axe":1,"minecraft:air":0,"biomesoplenty:fir_planks":132,"minecraft:charcoal":1,"minecraft:stick":16,"minecraft:stone_pickaxe":1,"minecraft:chest":1,"biomesoplenty:fir_door":6},"minecraft:killed_by":{"grimoireofgaia:cecaelia":1,"minecraft:zombie":1,"hordes:zombie_player":2},"minecraft:custom":{"minecraft:interact_with_furnace":10,"minecraft:mob_kills":5,"minecraft:interact_with_crafting_table":11,"minecraft:damage_dealt_resisted":0,"minecraft:time_since_death":2677,"minecraft:time_since_rest":278,"minecraft:sprint_one_cm":90275,"minecraft:damage_taken":1295,"minecraft:walk_one_cm":65700,"minecraft:drop":3,"minecraft:damage_dealt":1004,"minecraft:swim_one_cm":5934,"minecraft:fly_one_cm":127008,"minecraft:open_chest":2,"minecraft:play_time":28252,"tombstone:undead_killed":4,"minecraft:deaths":5,"minecraft:sneak_time":494,"minecraft:walk_under_water_one_cm":3220,"minecraft:jump":508,"minecraft:walk_on_water_one_cm":1197,"minecraft:total_world_time":28252,"minecraft:fall_one_cm":7294},"minecraft:killed":{"minecraft:pig":1,"hordes:zombie_player":1,"hordes:drowned_player":1,"minecraft:zombie":2},"minecraft:picked_up":{"minecraft:crafting_table":4,"minecraft:wooden_pickaxe":2,"minecraft:potato":3,"biomesoplenty:fir_log":44,"evilcraft:flesh_humanoid":3,"biomesoplenty:fir_door":2,"minecraft:wheat_seeds":6,"biomesoplenty:fir_planks":116,"theoneprobe:probenote":2,"croptopia:raspberry":2,"minecraft:stone_pickaxe":2,"minecraft:chest":1,"minecraft:furnace":1,"biomesoplenty:toadstool":18,"croptopia:chile_pepper_seed":3,"minecraft:stick":9,"minecraft:sandstone":10,"patchouli:guide_book":2,"minecraft:porkchop":5,"minecraft:sand":4,"tombstone:grave_dust":2,"alexsmobs:animal_dictionary":2,"croptopia:chile_pepper":1,"minecraft:rotten_flesh":8,"minecraft:stone_axe":2,"croptopia:raspberry_seed":6,"minecraft:cobblestone":127}},"DataVersion":3465}