{"stats":{"minecraft:broken":{"minecraft:diamond_boots":1,"minecraft:stone_axe":1,"minecraft:iron_sword":1,"minecraft:diamond_chestplate":1,"minecraft:diamond_leggings":1,"minecraft:turtle_helmet":1},"minecraft:custom":{"minecraft:animals_bred":5,"minecraft:interact_with_crafting_table":76,"minecraft:open_barrel":75,"goblintraders:trade_with_goblin":3,"minecraft:leave_game":10,"minecraft:time_since_death":10483,"minecraft:damage_resisted":0,"minecraft:sprint_one_cm":1225020,"minecraft:drop":197,"minecraft:talked_to_villager":4,"minecraft:play_time":435367,"minecraft:deaths":20,"minecraft:jump":5534,"minecraft:walk_on_water_one_cm":86110,"minecraft:enchant_item":9,"minecraft:interact_with_furnace":17,"minecraft:interact_with_loom":4,"minecraft:sleep_in_bed":3,"minecraft:damage_dealt":40304,"minecraft:crouch_one_cm":17490,"tombstone:undead_killed":169,"minecraft:interact_with_smoker":14,"minecraft:interact_with_smithing_table":3,"minecraft:horse_one_cm":277558,"minecraft:interact_with_anvil":24,"minecraft:mob_kills":237,"minecraft:damage_dealt_resisted":80,"minecraft:climb_one_cm":35361,"minecraft:walk_one_cm":885182,"minecraft:damage_dealt_absorbed":121,"minecraft:sneak_time":8633,"minecraft:walk_under_water_one_cm":82644,"minecraft:boat_one_cm":201112,"minecraft:interact_with_blast_furnace":32,"minecraft:total_world_time":435367,"tombstone:raider_killed":26,"minecraft:pot_flower":1,"minecraft:time_since_rest":9746,"minecraft:damage_absorbed":40,"minecraft:damage_taken":2147483647,"minecraft:trigger_trapped_chest":6,"minecraft:swim_one_cm":320215,"minecraft:fly_one_cm":1174362,"minecraft:open_chest":115,"minecraft:fall_one_cm":181167},"minecraft:killed_by":{"minecraft:vindicator":2,"man:managgresive":1,"grimoireofgaia:cecaelia":1,"grimoireofgaia:minotaurus":4,"minecraft:zombie":1,"iceandfire:fire_dragon":3,"minecraft:player":1,"iceandfire:gorgon":2,"iceandfire:ghost":2},"minecraft:killed":{"minecraft:cave_spider":2,"minecraft:witch":1,"minecraft:spider":7,"minecraft:skeleton":9,"artifacts:mimic":2,"grimoireofgaia:flesh_lich":3,"hmag:harpy":1,"minecraft:pig":1,"grimoireofgaia:bone_knight":4,"minecraft:creeper":1,"minecraft:pillager":2,"minecraft:zombie":33,"stalwart_dungeons:incomplete_wither":90,"grimoireofgaia:harpy":5,"hmag:creeper_girl":1,"minecraft:vindicator":22,"minecraft:phantom":1,"grimoireofgaia:ender_eye":1,"minecraft:horse":5,"hmag:zombie_girl":2,"minecraft:drowned":1,"goblintraders:goblin_trader":1,"grimoireofgaia:dullahan":2,"minecraft:husk":23,"grimoireofgaia:cecaelia":1,"hmag:kobold":1,"grimoireofgaia:horse":1,"alexsmobs:cockroach":1,"iceandfire:ghost":1,"grimoireofgaia:werecat":2},"minecraft:crafted":{"minecraft:brick":24,"minecraft:oak_planks":76,"minecraft:purple_bed":1,"minecraft:iron_boots":2,"minecraft:chest":2,"minecraft:stone_hoe":1,"minecraft:flower_pot":8,"minecraft:smoker":1,"minecraft:wooden_shovel":1,"sophisticatedbackpacks:backpack":1,"minecraft:emerald":3,"minecraft:cooked_porkchop":3,"minecraft:crafting_table":13,"minecraft:spruce_planks":64,"minecraft:iron_helmet":1,"minecraft:wooden_pickaxe":1,"minecraft:birch_planks":20,"minecraft:campfire":1,"biomesoplenty:fir_planks":132,"minecraft:charcoal":1,"minecraft:diamond_pickaxe":2,"sophisticatedbackpacks:diamond_backpack":1,"minecraft:stick":80,"minecraft:iron_ingot":253,"minecraft:gold_ingot":59,"biomesoplenty:fir_door":6,"minecraft:golden_carrot":2,"artifacts:eternal_steak":1,"minecraft:oak_door":6,"biomesoplenty:mahogany_planks":12,"minecraft:furnace":2,"minecraft:iron_axe":1,"minecraft:stone_pickaxe":2,"minecraft:diamond_boots":1,"minecraft:spruce_boat":2,"minecraft:dark_oak_planks":20,"minecraft:wheat":64,"sophisticatedbackpacks:iron_backpack":1,"minecraft:iron_sword":1,"sophisticatedbackpacks:gold_backpack":1,"minecraft:bucket":1,"minecraft:stone_axe":1,"minecraft:bread":18,"minecraft:air":0,"croptopia:tomato_seed":1,"minecraft:gold_nugget":27,"minecraft:iron_leggings":2,"minecraft:white_bed":2,"minecraft:torch":292,"minecraft:diamond_chestplate":1},"minecraft:used":{"minecraft:chest":2,"gobber2:gobber2_gooey_bread":6,"minecraft:iron_sword":255,"minecraft:rotten_flesh":6,"minecraft:carrot":23,"minecraft:tuff":4,"minecraft:spruce_boat":2,"sophisticatedbackpacks:diamond_backpack":1,"minecraft:iron_helmet":1,"minecraft:furnace":2,"minecraft:skeleton_skull":1,"minecraft:egg":3,"minecraft:oak_planks":1,"minecraft:stone_pickaxe":128,"minecraft:wooden_pickaxe":27,"minecraft:sandstone":10,"artifacts:eternal_steak":85,"minecraft:sugar_cane":17,"minecraft:golden_apple":1,"minecraft:sand":4,"gobber2:gobber2_gooey_beefstew":5,"minecraft:zombie_head":1,"minecraft:deepslate_iron_ore":18,"minecraft:bread":1,"croptopia:toast":37,"minecraft:diamond_sword":616,"tombstone:familiar_stone":5,"minecraft:dark_oak_fence":1,"biomesoplenty:glowing_moss_block":5,"minecraft:wooden_shovel":18,"minecraft:oak_door":1,"minecraft:torch":278,"minecraft:dirt":2,"minecraft:anvil":1,"croptopia:chile_pepper":2,"minecraft:dark_oak_planks":1,"minecraft:iron_axe":76,"iceandfire:stone_statue":1,"evilcraft:box_of_eternal_closure":2,"evilcraft:flesh_humanoid":2,"artifacts:everlasting_beef":1,"tombstone:gift":6,"minecraft:cobbled_deepslate":66,"minecraft:iron_leggings":1,"croptopia:raspberry_seed":2,"minecraft:wheat_seeds":131,"minecraft:water_bucket":55,"minecraft:iron_ore":1,"minecraft:bundle":2,"minecraft:polished_andesite":4,"minecraft:baked_potato":1,"minecraft:white_bed":2,"minecraft:crafting_table":17,"minecraft:campfire":1,"croptopia:apple_sapling":8,"useless_sword:wooden_cactus_sword":2,"biomesoplenty:orange_autumn_sapling":1,"hmag:spectral_soup":1,"minecraft:smoker":1,"tombstone:bag_of_seeds":1,"minecraft:oak_log":3,"minecraft:flower_pot":1,"minecraft:diamond_pickaxe":1421,"minecraft:apple":1,"tombstone:tablet_of_assistance":2,"croptopia:chile_pepper_seed":2,"minecraft:leather_helmet":1,"biomesoplenty:toadstool":2,"minecraft:stone_axe":106,"biomesoplenty:fir_door":1,"minecraft:cobblestone":111,"minecraft:purple_bed":1,"minecraft:turtle_helmet":1,"minecraft:cooked_porkchop":3,"minecraft:bucket":56,"minecraft:pumpkin_pie":3,"minecraft:wither_rose":1},"minecraft:mined":{"minecraft:waxed_cut_copper_slab":1,"minecraft:large_amethyst_bud":1,"biomesoplenty:glowshroom":9,"minecraft:white_bed":1,"iceandfire:graveyard_soil":1,"minecraft:jungle_leaves":1,"minecraft:red_nether_bricks":3,"minecraft:obsidian":4,"minecraft:spruce_trapdoor":2,"minecraft:budding_amethyst":1,"minecraft:grass_block":6,"minecraft:mangrove_fence":1,"minecraft:potted_mangrove_propagule":1,"gobber2:gobber2_lucky_block":31,"minecraft:light_gray_bed":1,"minecraft:spawner":16,"minecraft:fire":8,"minecraft:sticky_piston":1,"minecraft:iron_ore":69,"minecraft:cobbled_deepslate":4,"minecraft:anvil":1,"minecraft:deepslate_lapis_ore":1,"minecraft:stripped_dark_oak_wood":1,"croptopia:apple_crop":1,"minecraft:dirt_path":2,"minecraft:iron_bars":1,"minecraft:stripped_mangrove_wood":1,"minecraft:player_head":1,"minecraft:piston_head":1,"minecraft:deepslate_redstone_ore":13,"biomesoplenty:glowing_moss_carpet":2,"biomesoplenty:glowworm_silk":3,"minecraft:amethyst_cluster":11,"minecraft:clay":13,"minecraft:torch":4,"minecraft:dark_oak_wood":4,"minecraft:blast_furnace":3,"minecraft:calcite":17,"minecraft:chest":1,"minecraft:nether_brick_slab":4,"croptopia:raspberry_crop":1,"minecraft:polished_diorite_slab":1,"minecraft:cobblestone":9,"minecraft:cyan_bed":1,"minecraft:sugar_cane":4,"minecraft:wall_torch":9,"minecraft:amethyst_block":6,"minecraft:deepslate_copper_ore":11,"minecraft:skeleton_skull":1,"sophisticatedbackpacks:diamond_backpack":1,"minecraft:mud":3,"evilcraft:dark_ore_deepslate":20,"minecraft:birch_log":5,"minecraft:wheat":59,"minecraft:lilac":2,"minecraft:stripped_oak_wood":3,"biomesoplenty:fir_log":44,"minecraft:wither_rose":2,"croptopia:chile_pepper_crop":2,"minecraft:grass":111,"biomesoplenty:clover":36,"minecraft:oak_log":8,"minecraft:beetroots":2,"minecraft:oak_fence_gate":1,"minecraft:sand":5,"minecraft:dirt":5,"minecraft:zombie_wall_head":1,"minecraft:oak_leaves":2,"minecraft:deepslate":671,"biomesoplenty:glowing_moss_block":8,"minecraft:crying_obsidian":1,"minecraft:tuff":56,"iceandfire:silver_ore":12,"minecraft:deepslate_diamond_ore":13,"minecraft:oak_door":1,"minecraft:dark_oak_log":1,"minecraft:lever":1,"minecraft:glow_lichen":4,"minecraft:dark_oak_fence":1,"minecraft:redstone_wire":1,"minecraft:sandstone":10,"minecraft:black_stained_glass_pane":2,"minecraft:hay_block":25,"minecraft:furnace":1,"minecraft:carrots":5,"biomesoplenty:toadstool":5,"minecraft:waxed_oxidized_cut_copper_slab":4,"evilcraft:dark_ore":12,"minecraft:potatoes":4,"minecraft:cobblestone_slab":1,"minecraft:deepslate_iron_ore":73,"biomesoplenty:high_grass":22,"minecraft:vine":8,"minecraft:rail":2,"minecraft:stone":232,"minecraft:bone_block":8,"minecraft:white_wool":18,"minecraft:oak_slab":1,"minecraft:redstone_block":1,"minecraft:mangrove_stairs":1,"minecraft:stone_brick_slab":4,"minecraft:oak_fence":4,"minecraft:crafting_table":4,"minecraft:campfire":1,"biomesoplenty:high_grass_plant":72,"minecraft:copper_ore":36,"minecraft:tall_grass":2,"biomesoplenty:huge_clover_petal":31,"biomesoplenty:sprout":1,"minecraft:deepslate_gold_ore":34,"minecraft:diorite":2,"supplementaries:urn":12,"minecraft:purple_wool":7,"minecraft:coarse_dirt":1,"minecraft:cobblestone_wall":3,"biomesoplenty:mahogany_log":3,"biomesoplenty:pink_daffodil":5,"gobber2:gobber2_lucky_block_deepslate":23,"minecraft:coal_ore":39,"minecraft:gravel":3,"minecraft:lodestone":1,"minecraft:cobweb":38,"minecraft:cracked_stone_bricks":6,"minecraft:polished_andesite":4,"minecraft:stone_bricks":7,"minecraft:mossy_stone_bricks":5,"minecraft:fern":9,"minecraft:dark_oak_planks":9},"minecraft:picked_up":{"minecraft:iron_chestplate":1,"minecraft:wheat":124,"minecraft:chainmail_boots":1,"minecraft:anvil":1,"minecraft:flower_pot":2,"artifacts:umbrella":1,"minecraft:diamond_sword":2,"biomesoplenty:orange_autumn_sapling":1,"minecraft:wither_rose":2,"minecraft:enchanted_book":2,"minecraft:amethyst_block":4,"minecraft:string":45,"minecraft:waxed_cut_copper_slab":1,"minecraft:raw_copper":279,"biomesoplenty:yellow_autumn_sapling":4,"minecraft:red_nether_bricks":3,"minecraft:iron_leggings":2,"minecraft:sticky_piston":1,"minecraft:netherite_ingot":1,"minecraft:zombie_head":3,"minecraft:beetroot":2,"minecraft:diamond_leggings":1,"minecraft:gold_nugget":21,"minecraft:cobbled_deepslate":452,"biomesoplenty:fir_planks":116,"minecraft:cobblestone_slab":1,"minecraft:calcite":16,"minecraft:deepslate_iron_ore":18,"minecraft:furnace":1,"minecraft:stick":55,"apotheosis:gem":16,"minecraft:oak_fence":4,"minecraft:torch":46,"minecraft:porkchop":9,"tombstone:grave_dust":21,"minecraft:diorite":1,"gobber2:gobber2_foo":8,"evilcraft:box_of_eternal_closure":1,"minecraft:light_gray_bed":1,"minecraft:mangrove_stairs":1,"minecraft:rotten_flesh":58,"croptopia:raspberry_seed":6,"minecraft:red_tulip":1,"supplementaries:ash":44,"minecraft:iron_bars":1,"minecraft:cobblestone":263,"croptopia:lettuce_seed":3,"minecraft:birch_log":5,"minecraft:lilac":1,"hmag:copper_nugget":2,"croptopia:apple_sapling":8,"minecraft:leather_chestplate":2,"minecraft:polished_diorite_slab":1,"minecraft:feather":8,"biomesoplenty:glowshroom":10,"minecraft:potato":19,"biomesoplenty:fir_log":47,"minecraft:tuff":48,"evilcraft:flesh_humanoid":6,"minecraft:lapis_lazuli":4,"minecraft:dirt":7,"artifacts:shock_pendant":1,"hmag:evil_crystal_fragment":1,"minecraft:leather_boots":1,"minecraft:mangrove_fence":1,"minecraft:bone":26,"minecraft:bow":2,"gobber2:gobber2_gooey_beef":7,"minecraft:wheat_seeds":204,"minecraft:raw_gold":94,"theoneprobe:probenote":5,"minecraft:mossy_stone_bricks":5,"minecraft:diamond_helmet":1,"gobber2:gobber2_gooey_bread":15,"biomesoplenty:toadstool":19,"croptopia:chile_pepper_seed":4,"patchouli:guide_book":4,"evilcraft:dark_gem_crushed":61,"minecraft:sand":4,"alexsmobs:animal_dictionary":4,"minecraft:cyan_bed":1,"hmag:kobold_leather":1,"minecraft:trapped_chest":2,"minecraft:dark_oak_log":6,"minecraft:barrel":1,"grimoireofgaia:shiny_pearl":1,"croptopia:chile_pepper":2,"minecraft:bundle":3,"minecraft:polished_andesite":4,"minecraft:diamond":28,"minecraft:deepslate":2,"minecraft:lever":1,"minecraft:golden_apple":1,"minecraft:emerald":4,"minecraft:oak_sapling":1,"biomesoplenty:pink_daffodil":10,"minecraft:dark_oak_fence":1,"minecraft:diamond_pickaxe":5,"gobber2:gobber2_goo":14,"iceandfire:raw_silver":15,"croptopia:toast":42,"minecraft:charcoal":2,"minecraft:mud":2,"minecraft:crafting_table":4,"minecraft:purple_wool":4,"grimoireofgaia:soulfire":2,"minecraft:clay_ball":52,"minecraft:golden_pickaxe":1,"minecraft:leather_leggings":2,"dynamictrees:spruce_seed":1,"minecraft:wooden_pickaxe":2,"biomesoplenty:fir_door":2,"minecraft:iron_axe":2,"minecraft:cyan_carpet":2,"iceandfire:graveyard_soil":1,"minecraft:cracked_stone_bricks":2,"minecraft:cartography_table":1,"croptopia:tomato_seed":1,"minecraft:player_head":1,"minecraft:iron_nugget":38,"tombstone:tablet_of_assistance":1,"minecraft:sugar_cane":28,"minecraft:chest":1,"minecraft:spruce_trapdoor":2,"minecraft:phantom_membrane":1,"minecraft:egg":5,"minecraft:raw_iron":291,"minecraft:sandstone":10,"minecraft:stripped_mangrove_wood":1,"minecraft:stone":3,"minecraft:oak_door":1,"evilcraft:origins_of_darkness":4,"minecraft:bowl":2,"minecraft:carrot":48,"minecraft:redstone":33,"minecraft:dark_oak_planks":31,"iceandfire:blindfold":2,"artifacts:everlasting_beef":1,"minecraft:arrow":12,"minecraft:diamond_chestplate":1,"minecraft:beetroot_seeds":5,"minecraft:diamond_boots":1,"minecraft:hay_block":24,"stalwart_dungeons:tungsten_axe":1,"minecraft:stripped_dark_oak_wood":1,"tombstone:essence_of_undeath":1,"sophisticatedbackpacks:copper_backpack":2,"minecraft:bone_block":8,"hmag:cubic_nucleus":1,"minecraft:rail":2,"minecraft:skeleton_skull":1,"minecraft:white_wool":27,"hmag:purification_cloth":2,"minecraft:glow_ink_sac":14,"gobber2:gobber2_gooey_beefstew":5,"minecraft:leather":4,"iceandfire:stone_statue":1,"croptopia:glowing_calamari":8,"grimoireofgaia:bone_shield":2,"minecraft:oak_log":19,"iceandfire:ectoplasm":1,"minecraft:cobblestone_wall":3,"minecraft:gunpowder":5,"minecraft:paper":15,"tombstone:gift":1,"biomesoplenty:glowing_moss_carpet":5,"minecraft:spawner":10,"minecraft:apple":27,"minecraft:iron_ingot":46,"alexsmobs:cockroach_wing_fragment":2,"croptopia:raspberry":2,"minecraft:oak_fence_gate":1,"minecraft:stone_pickaxe":3,"minecraft:iron_ore":1,"tombstone:bag_of_seeds":2,"croptopia:tomato":2,"minecraft:stripped_oak_wood":3,"minecraft:glass_bottle":3,"minecraft:iron_sword":4,"iceandfire:fire_dragon_flesh":3,"sophisticatedbackpacks:diamond_backpack":1,"minecraft:book":4,"minecraft:oak_slab":2,"minecraft:stone_brick_slab":6,"iceandfire:ash":2,"minecraft:amethyst_shard":24,"minecraft:blast_furnace":5,"minecraft:white_bed":1,"minecraft:spruce_log":45,"minecraft:crying_obsidian":1,"biomesoplenty:glowing_moss_block":7,"minecraft:spider_eye":2,"minecraft:leather_helmet":1,"artifacts:helium_flamingo":1,"biomesoplenty:mahogany_log":3,"minecraft:stone_axe":2,"evilcraft:dark_gem":156,"minecraft:painting":1,"minecraft:lodestone":1,"tombstone:magic_scroll":3,"minecraft:baked_potato":2,"minecraft:dark_oak_wood":3,"minecraft:stripped_dark_oak_log":2,"minecraft:mangrove_propagule":1,"minecraft:coal":108,"minecraft:ender_pearl":2},"minecraft:dropped":{"hmag:reinforcing_chain":1,"minecraft:iron_sword":2,"iceandfire:raw_silver":9,"minecraft:stripped_mangrove_wood":1,"minecraft:lapis_lazuli":2,"artifacts:shock_pendant":1,"tombstone:tablet_of_assistance":1,"iceandfire:ectoplasm":2,"dynamictrees:spruce_seed":1,"minecraft:rail":1,"minecraft:leather_helmet":1,"minecraft:emerald":4,"minecraft:dirt":3,"tombstone:bag_of_seeds":1,"hmag:purification_cloth":2,"iceandfire:blindfold":1,"minecraft:stripped_dark_oak_wood":1,"theoneprobe:probenote":2,"minecraft:chain":2,"gobber2:gobber2_goo":3,"minecraft:iron_pickaxe":1,"minecraft:dark_oak_planks":30,"gobber2:gobber2_gooey_bread":1,"minecraft:white_wool":15,"biomesoplenty:toadstool":5,"minecraft:lever":1,"minecraft:sugar_cane":22,"croptopia:toast":3,"alexsmobs:animal_dictionary":1,"minecraft:cobbled_deepslate":304,"minecraft:wheat":68,"tombstone:gift":1,"minecraft:stripped_dark_oak_log":2,"minecraft:rotten_flesh":14,"minecraft:oak_planks":2,"minecraft:enchanted_golden_apple":1,"biomesoplenty:glowing_moss_block":1,"evilcraft:flesh_humanoid":2,"patchouli:guide_book":2,"biomesoplenty:glowing_moss_carpet":4,"minecraft:leather_chestplate":1,"artifacts:umbrella":1,"minecraft:gunpowder":3,"minecraft:leather_boots":1,"apotheosis:gem":44,"minecraft:leather_leggings":2,"minecraft:cartography_table":1,"minecraft:egg":2,"minecraft:enchanted_book":1,"minecraft:iron_ingot":32,"minecraft:oak_slab":2,"minecraft:wheat_seeds":29,"hmag:cubic_nucleus":1,"minecraft:iron_helmet":1,"minecraft:feather":7,"minecraft:cobblestone":171,"minecraft:book":4,"croptopia:raspberry":2,"evilcraft:dark_gem":6,"minecraft:stick":4,"tombstone:magic_scroll":2,"hmag:copper_nugget":1,"minecraft:diamond_helmet":1,"minecraft:zombie_head":1,"tombstone:grave_dust":9,"minecraft:iron_leggings":3,"biomesoplenty:fir_door":2,"minecraft:iron_axe":2,"minecraft:mud":2,"biomesoplenty:glowshroom":11,"minecraft:paper":13,"minecraft:string":10,"minecraft:player_head":1,"minecraft:netherite_ingot":1,"minecraft:bowl":2,"gobber2:gobber2_gooey_beef":1,"minecraft:iron_boots":2,"evilcraft:origins_of_darkness":3,"grimoireofgaia:bone_shield":2,"minecraft:blast_furnace":2,"minecraft:diamond_sword":1,"minecraft:cobblestone_slab":1,"minecraft:flower_pot":1,"biomesoplenty:fir_planks":7,"alexsmobs:cockroach_wing_fragment":1,"minecraft:bundle":1,"minecraft:iron_chestplate":1,"minecraft:diamond_pickaxe":4,"minecraft:mossy_stone_bricks":2,"minecraft:spider_eye":2,"minecraft:barrel":1,"minecraft:bow":2,"minecraft:stone_pickaxe":1,"minecraft:wooden_pickaxe":1,"minecraft:red_tulip":1}},"DataVersion":3465}