{"stats":{"minecraft:crafted":{"minecraft:brick":24,"minecraft:oak_planks":48,"minecraft:purple_bed":1,"minecraft:furnace":1,"minecraft:stone_pickaxe":2,"minecraft:chest":1,"minecraft:dark_oak_planks":16,"minecraft:stone_hoe":1,"minecraft:flower_pot":8,"minecraft:wheat":64,"minecraft:wooden_shovel":1,"minecraft:cooked_porkchop":3,"minecraft:crafting_table":7,"minecraft:wooden_pickaxe":1,"minecraft:birch_planks":20,"minecraft:campfire":1,"minecraft:stone_axe":1,"minecraft:air":0,"biomesoplenty:fir_planks":132,"minecraft:charcoal":1,"minecraft:stick":36,"minecraft:white_bed":2,"minecraft:torch":28,"biomesoplenty:fir_door":6},"minecraft:killed":{"hmag:creeper_girl":1,"minecraft:spider":2,"hmag:harpy":1,"minecraft:pig":1,"grimoireofgaia:cecaelia":1,"minecraft:pillager":2,"minecraft:zombie":7,"iceandfire:ghost":1,"grimoireofgaia:harpy":4,"grimoireofgaia:werecat":2},"minecraft:dropped":{"hmag:reinforcing_chain":1,"minecraft:enchanted_book":1,"minecraft:iron_sword":2,"iceandfire:raw_silver":9,"minecraft:oak_slab":2,"minecraft:wheat_seeds":6,"minecraft:feather":7,"minecraft:cobblestone":8,"croptopia:raspberry":2,"iceandfire:ectoplasm":2,"minecraft:stick":2,"minecraft:emerald":4,"minecraft:dirt":1,"theoneprobe:probenote":2,"minecraft:iron_leggings":1,"minecraft:chain":2,"biomesoplenty:fir_door":2,"biomesoplenty:glowshroom":7,"minecraft:dark_oak_planks":30,"minecraft:white_wool":15,"biomesoplenty:toadstool":5,"alexsmobs:animal_dictionary":1,"minecraft:wheat":8,"minecraft:stripped_dark_oak_log":2,"patchouli:guide_book":2,"biomesoplenty:glowing_moss_carpet":4,"minecraft:diamond_sword":1,"biomesoplenty:fir_planks":7,"minecraft:bundle":1,"apotheosis:gem":39,"minecraft:leather_leggings":1,"minecraft:wooden_pickaxe":1},"minecraft:used":{"biomesoplenty:glowing_moss_block":5,"minecraft:chest":2,"minecraft:iron_sword":42,"minecraft:wooden_shovel":18,"minecraft:rotten_flesh":6,"minecraft:torch":2,"minecraft:dirt":2,"croptopia:chile_pepper":2,"minecraft:dark_oak_planks":1,"evilcraft:flesh_humanoid":2,"minecraft:furnace":2,"tombstone:gift":4,"minecraft:skeleton_skull":1,"minecraft:egg":1,"croptopia:raspberry_seed":2,"minecraft:bundle":1,"minecraft:oak_planks":1,"minecraft:stone_pickaxe":128,"minecraft:wooden_pickaxe":27,"minecraft:sandstone":10,"minecraft:sugar_cane":5,"minecraft:sand":4,"minecraft:white_bed":2,"minecraft:crafting_table":11,"croptopia:apple_sapling":8,"minecraft:campfire":1,"biomesoplenty:orange_autumn_sapling":1,"hmag:spectral_soup":1,"minecraft:oak_log":3,"minecraft:flower_pot":1,"minecraft:diamond_pickaxe":97,"minecraft:apple":1,"croptopia:chile_pepper_seed":2,"minecraft:bread":1,"minecraft:leather_helmet":1,"biomesoplenty:toadstool":2,"minecraft:stone_axe":106,"croptopia:toast":32,"minecraft:diamond_sword":110,"biomesoplenty:fir_door":1,"minecraft:cobblestone":80,"minecraft:purple_bed":1,"minecraft:turtle_helmet":1,"minecraft:cooked_porkchop":3,"minecraft:dark_oak_fence":1,"minecraft:wither_rose":1},"minecraft:picked_up":{"minecraft:charcoal":2,"minecraft:crafting_table":4,"minecraft:wheat":8,"minecraft:purple_wool":4,"minecraft:flower_pot":1,"minecraft:clay_ball":52,"minecraft:leather_leggings":1,"minecraft:diamond_sword":2,"minecraft:wooden_pickaxe":2,"biomesoplenty:orange_autumn_sapling":1,"minecraft:wither_rose":2,"minecraft:enchanted_book":1,"biomesoplenty:fir_door":2,"minecraft:raw_copper":16,"biomesoplenty:yellow_autumn_sapling":4,"minecraft:iron_leggings":1,"iceandfire:graveyard_soil":1,"minecraft:diamond_leggings":1,"biomesoplenty:fir_planks":116,"minecraft:calcite":1,"minecraft:iron_nugget":5,"minecraft:chest":1,"minecraft:sugar_cane":5,"minecraft:furnace":1,"minecraft:egg":3,"minecraft:stick":13,"minecraft:raw_iron":8,"minecraft:sandstone":10,"apotheosis:gem":9,"minecraft:torch":1,"minecraft:porkchop":5,"tombstone:grave_dust":3,"minecraft:dark_oak_planks":22,"artifacts:everlasting_beef":1,"gobber2:gobber2_foo":2,"minecraft:rotten_flesh":12,"minecraft:diamond_chestplate":1,"minecraft:diamond_boots":1,"croptopia:raspberry_seed":6,"minecraft:hay_block":24,"sophisticatedbackpacks:copper_backpack":1,"supplementaries:ash":1,"minecraft:skeleton_skull":1,"minecraft:white_wool":27,"minecraft:cobblestone":189,"minecraft:birch_log":5,"croptopia:apple_sapling":8,"hmag:copper_nugget":1,"minecraft:polished_diorite_slab":1,"minecraft:feather":7,"biomesoplenty:glowshroom":6,"minecraft:potato":3,"biomesoplenty:fir_log":47,"minecraft:oak_log":19,"evilcraft:flesh_humanoid":3,"iceandfire:ectoplasm":1,"minecraft:dirt":5,"biomesoplenty:glowing_moss_carpet":4,"hmag:evil_crystal_fragment":1,"minecraft:apple":27,"minecraft:wheat_seeds":10,"minecraft:stone_pickaxe":2,"theoneprobe:probenote":5,"croptopia:raspberry":2,"croptopia:tomato":1,"minecraft:diamond_helmet":1,"iceandfire:fire_dragon_flesh":3,"minecraft:iron_sword":2,"biomesoplenty:toadstool":19,"minecraft:oak_slab":2,"croptopia:chile_pepper_seed":4,"patchouli:guide_book":4,"minecraft:sand":4,"minecraft:white_bed":1,"biomesoplenty:glowing_moss_block":5,"minecraft:dark_oak_log":6,"alexsmobs:animal_dictionary":4,"minecraft:leather_helmet":1,"grimoireofgaia:shiny_pearl":1,"croptopia:chile_pepper":2,"minecraft:bundle":1,"minecraft:stone_axe":2,"evilcraft:dark_gem":27,"biomesoplenty:pink_daffodil":5,"minecraft:dark_oak_wood":3,"minecraft:dark_oak_fence":1,"minecraft:stripped_dark_oak_log":2,"minecraft:mangrove_propagule":1,"gobber2:gobber2_goo":2,"minecraft:coal":7,"iceandfire:raw_silver":9,"minecraft:diamond_pickaxe":2,"croptopia:toast":39},"minecraft:broken":{"minecraft:stone_axe":1},"minecraft:custom":{"minecraft:mob_kills":25,"minecraft:animals_bred":5,"minecraft:interact_with_crafting_table":22,"minecraft:damage_dealt_resisted":0,"minecraft:leave_game":3,"minecraft:time_since_death":52235,"minecraft:climb_one_cm":15657,"minecraft:sprint_one_cm":571655,"minecraft:walk_one_cm":310367,"minecraft:drop":81,"minecraft:damage_dealt_absorbed":121,"minecraft:talked_to_villager":4,"minecraft:play_time":160374,"minecraft:sneak_time":1810,"minecraft:deaths":12,"minecraft:walk_under_water_one_cm":13841,"minecraft:jump":2852,"minecraft:walk_on_water_one_cm":24073,"minecraft:total_world_time":160374,"minecraft:interact_with_furnace":15,"tombstone:raider_killed":2,"minecraft:pot_flower":1,"minecraft:sleep_in_bed":3,"minecraft:time_since_rest":25307,"minecraft:damage_taken":5387,"minecraft:trigger_trapped_chest":2,"minecraft:damage_dealt":7312,"minecraft:swim_one_cm":59620,"minecraft:fly_one_cm":713799,"minecraft:open_chest":31,"minecraft:crouch_one_cm":3176,"tombstone:undead_killed":10,"minecraft:fall_one_cm":83089},"minecraft:mined":{"biomesoplenty:glowing_moss_block":6,"biomesoplenty:glowshroom":5,"minecraft:white_bed":1,"iceandfire:graveyard_soil":1,"iceandfire:silver_ore":10,"minecraft:dark_oak_log":1,"minecraft:jungle_leaves":1,"minecraft:glow_lichen":3,"minecraft:dark_oak_fence":1,"minecraft:grass_block":3,"gobber2:gobber2_lucky_block":6,"minecraft:potted_mangrove_propagule":1,"minecraft:sandstone":10,"minecraft:hay_block":25,"minecraft:furnace":1,"biomesoplenty:toadstool":5,"minecraft:iron_ore":8,"evilcraft:dark_ore":6,"biomesoplenty:high_grass":1,"minecraft:dirt_path":2,"croptopia:apple_crop":1,"minecraft:vine":7,"minecraft:stone":154,"minecraft:white_wool":18,"minecraft:oak_slab":1,"biomesoplenty:glowing_moss_carpet":1,"biomesoplenty:glowworm_silk":3,"minecraft:clay":13,"minecraft:crafting_table":4,"minecraft:torch":1,"minecraft:dark_oak_wood":4,"minecraft:calcite":1,"minecraft:chest":1,"minecraft:campfire":1,"croptopia:raspberry_crop":1,"minecraft:polished_diorite_slab":1,"minecraft:copper_ore":7,"minecraft:tall_grass":1,"minecraft:cobblestone":8,"biomesoplenty:sprout":1,"biomesoplenty:huge_clover_petal":31,"minecraft:sugar_cane":3,"minecraft:skeleton_skull":1,"minecraft:purple_wool":7,"minecraft:coarse_dirt":1,"minecraft:mud":1,"minecraft:birch_log":5,"biomesoplenty:pink_daffodil":5,"croptopia:chile_pepper_crop":2,"biomesoplenty:fir_log":44,"minecraft:wither_rose":2,"minecraft:grass":24,"biomesoplenty:clover":36,"minecraft:oak_log":8,"minecraft:coal_ore":7,"minecraft:dirt":5,"minecraft:sand":4,"minecraft:oak_leaves":1,"minecraft:fern":8},"minecraft:killed_by":{"man:managgresive":1,"grimoireofgaia:cecaelia":1,"grimoireofgaia:minotaurus":4,"minecraft:zombie":1,"iceandfire:ghost":2}},"DataVersion":3465}