{"stats":{"minecraft:broken":{"minecraft:stone_axe":1},"minecraft:custom":{"minecraft:mob_kills":25,"minecraft:animals_bred":5,"minecraft:interact_with_crafting_table":22,"minecraft:damage_dealt_resisted":0,"minecraft:leave_game":2,"minecraft:time_since_death":45168,"minecraft:climb_one_cm":15657,"minecraft:sprint_one_cm":539790,"minecraft:walk_one_cm":303199,"minecraft:drop":81,"minecraft:damage_dealt_absorbed":121,"minecraft:talked_to_villager":4,"minecraft:play_time":153307,"minecraft:deaths":12,"minecraft:sneak_time":1664,"minecraft:walk_under_water_one_cm":13841,"minecraft:jump":2644,"minecraft:walk_on_water_one_cm":24073,"minecraft:total_world_time":153307,"minecraft:interact_with_furnace":15,"tombstone:raider_killed":2,"minecraft:pot_flower":1,"minecraft:sleep_in_bed":3,"minecraft:time_since_rest":18240,"minecraft:damage_taken":5247,"minecraft:trigger_trapped_chest":2,"minecraft:damage_dealt":7312,"minecraft:swim_one_cm":59620,"minecraft:fly_one_cm":663862,"minecraft:open_chest":31,"minecraft:crouch_one_cm":2436,"tombstone:undead_killed":10,"minecraft:fall_one_cm":74620},"minecraft:killed_by":{"man:managgresive":1,"grimoireofgaia:cecaelia":1,"grimoireofgaia:minotaurus":4,"minecraft:zombie":1,"iceandfire:ghost":2},"minecraft:killed":{"hmag:creeper_girl":1,"minecraft:spider":2,"hmag:harpy":1,"minecraft:pig":1,"grimoireofgaia:cecaelia":1,"minecraft:pillager":2,"minecraft:zombie":7,"iceandfire:ghost":1,"grimoireofgaia:harpy":4,"grimoireofgaia:werecat":2},"minecraft:crafted":{"minecraft:brick":24,"minecraft:oak_planks":48,"minecraft:purple_bed":1,"minecraft:furnace":1,"minecraft:stone_pickaxe":2,"minecraft:chest":1,"minecraft:dark_oak_planks":12,"minecraft:stone_hoe":1,"minecraft:flower_pot":8,"minecraft:wheat":64,"minecraft:wooden_shovel":1,"minecraft:cooked_porkchop":3,"minecraft:crafting_table":7,"minecraft:wooden_pickaxe":1,"minecraft:birch_planks":20,"minecraft:stone_axe":1,"minecraft:campfire":1,"minecraft:air":0,"biomesoplenty:fir_planks":132,"minecraft:charcoal":1,"minecraft:stick":28,"minecraft:white_bed":2,"biomesoplenty:fir_door":6},"minecraft:used":{"biomesoplenty:glowing_moss_block":5,"minecraft:chest":2,"minecraft:iron_sword":42,"minecraft:wooden_shovel":18,"minecraft:rotten_flesh":6,"minecraft:torch":1,"minecraft:dirt":2,"croptopia:chile_pepper":2,"minecraft:dark_oak_planks":1,"evilcraft:flesh_humanoid":2,"minecraft:furnace":2,"tombstone:gift":4,"minecraft:skeleton_skull":1,"minecraft:egg":1,"croptopia:raspberry_seed":2,"minecraft:bundle":1,"minecraft:stone_pickaxe":128,"minecraft:oak_planks":1,"minecraft:wooden_pickaxe":27,"minecraft:sandstone":10,"minecraft:sugar_cane":5,"minecraft:sand":4,"croptopia:apple_sapling":8,"minecraft:crafting_table":11,"minecraft:campfire":1,"minecraft:white_bed":2,"biomesoplenty:orange_autumn_sapling":1,"hmag:spectral_soup":1,"minecraft:oak_log":3,"minecraft:flower_pot":1,"minecraft:diamond_pickaxe":71,"minecraft:apple":1,"minecraft:bread":1,"croptopia:chile_pepper_seed":2,"minecraft:leather_helmet":1,"biomesoplenty:toadstool":2,"minecraft:stone_axe":106,"croptopia:toast":30,"minecraft:diamond_sword":110,"biomesoplenty:fir_door":1,"minecraft:cobblestone":80,"minecraft:purple_bed":1,"minecraft:turtle_helmet":1,"minecraft:cooked_porkchop":3,"minecraft:wither_rose":1},"minecraft:mined":{"biomesoplenty:glowing_moss_block":6,"biomesoplenty:glowshroom":5,"minecraft:white_bed":1,"iceandfire:graveyard_soil":1,"iceandfire:silver_ore":9,"minecraft:jungle_leaves":1,"minecraft:dark_oak_log":1,"minecraft:glow_lichen":1,"minecraft:grass_block":3,"minecraft:potted_mangrove_propagule":1,"gobber2:gobber2_lucky_block":6,"minecraft:sandstone":10,"minecraft:hay_block":25,"minecraft:furnace":1,"biomesoplenty:toadstool":5,"minecraft:iron_ore":8,"evilcraft:dark_ore":6,"croptopia:apple_crop":1,"biomesoplenty:high_grass":1,"minecraft:vine":7,"minecraft:dirt_path":2,"minecraft:stone":132,"minecraft:white_wool":18,"minecraft:oak_slab":1,"biomesoplenty:glowing_moss_carpet":1,"biomesoplenty:glowworm_silk":3,"minecraft:clay":13,"minecraft:crafting_table":4,"minecraft:torch":1,"minecraft:dark_oak_wood":4,"minecraft:calcite":1,"minecraft:chest":1,"minecraft:campfire":1,"minecraft:polished_diorite_slab":1,"croptopia:raspberry_crop":1,"minecraft:copper_ore":6,"minecraft:cobblestone":8,"minecraft:tall_grass":1,"biomesoplenty:sprout":1,"biomesoplenty:huge_clover_petal":31,"minecraft:sugar_cane":3,"minecraft:skeleton_skull":1,"minecraft:purple_wool":7,"minecraft:coarse_dirt":1,"minecraft:mud":1,"minecraft:birch_log":5,"biomesoplenty:pink_daffodil":5,"croptopia:chile_pepper_crop":2,"biomesoplenty:fir_log":44,"minecraft:wither_rose":2,"minecraft:grass":24,"biomesoplenty:clover":36,"minecraft:coal_ore":7,"minecraft:oak_log":8,"minecraft:sand":4,"minecraft:dirt":5,"minecraft:oak_leaves":1,"minecraft:fern":8},"minecraft:picked_up":{"croptopia:toast":39,"minecraft:charcoal":2,"minecraft:crafting_table":4,"minecraft:wheat":8,"minecraft:purple_wool":4,"minecraft:flower_pot":1,"minecraft:clay_ball":52,"minecraft:leather_leggings":1,"minecraft:diamond_sword":2,"minecraft:wooden_pickaxe":2,"biomesoplenty:orange_autumn_sapling":1,"minecraft:wither_rose":2,"minecraft:enchanted_book":1,"biomesoplenty:fir_door":2,"minecraft:raw_copper":16,"biomesoplenty:yellow_autumn_sapling":4,"minecraft:iron_leggings":1,"iceandfire:graveyard_soil":1,"minecraft:diamond_leggings":1,"biomesoplenty:fir_planks":116,"minecraft:calcite":1,"minecraft:iron_nugget":5,"minecraft:sugar_cane":5,"minecraft:chest":1,"minecraft:furnace":1,"minecraft:egg":1,"apotheosis:gem":9,"minecraft:raw_iron":8,"minecraft:stick":13,"minecraft:sandstone":10,"minecraft:torch":1,"minecraft:porkchop":5,"tombstone:grave_dust":3,"minecraft:dark_oak_planks":22,"gobber2:gobber2_foo":2,"artifacts:everlasting_beef":1,"minecraft:rotten_flesh":12,"minecraft:diamond_chestplate":1,"croptopia:raspberry_seed":6,"minecraft:diamond_boots":1,"minecraft:hay_block":24,"sophisticatedbackpacks:copper_backpack":1,"supplementaries:ash":1,"minecraft:skeleton_skull":1,"minecraft:white_wool":27,"minecraft:cobblestone":170,"minecraft:birch_log":5,"hmag:copper_nugget":1,"croptopia:apple_sapling":8,"minecraft:polished_diorite_slab":1,"minecraft:feather":7,"biomesoplenty:glowshroom":6,"minecraft:potato":3,"biomesoplenty:fir_log":47,"minecraft:oak_log":19,"evilcraft:flesh_humanoid":3,"iceandfire:ectoplasm":1,"minecraft:dirt":5,"biomesoplenty:glowing_moss_carpet":4,"hmag:evil_crystal_fragment":1,"minecraft:apple":27,"minecraft:wheat_seeds":10,"theoneprobe:probenote":5,"croptopia:raspberry":2,"minecraft:stone_pickaxe":2,"croptopia:tomato":1,"minecraft:diamond_helmet":1,"minecraft:iron_sword":2,"iceandfire:fire_dragon_flesh":3,"biomesoplenty:toadstool":19,"croptopia:chile_pepper_seed":4,"minecraft:oak_slab":2,"patchouli:guide_book":4,"minecraft:sand":4,"minecraft:white_bed":1,"minecraft:leather_helmet":1,"biomesoplenty:glowing_moss_block":5,"minecraft:dark_oak_log":6,"alexsmobs:animal_dictionary":4,"grimoireofgaia:shiny_pearl":1,"minecraft:bundle":1,"croptopia:chile_pepper":2,"minecraft:stone_axe":2,"evilcraft:dark_gem":27,"biomesoplenty:pink_daffodil":5,"minecraft:mangrove_propagule":1,"minecraft:coal":7,"minecraft:dark_oak_wood":3,"minecraft:stripped_dark_oak_log":2,"gobber2:gobber2_goo":2,"iceandfire:raw_silver":9,"minecraft:diamond_pickaxe":2},"minecraft:dropped":{"minecraft:enchanted_book":1,"minecraft:iron_sword":2,"iceandfire:raw_silver":9,"minecraft:oak_slab":2,"minecraft:wheat_seeds":6,"minecraft:feather":7,"minecraft:cobblestone":8,"croptopia:raspberry":2,"iceandfire:ectoplasm":2,"minecraft:stick":2,"minecraft:emerald":4,"minecraft:dirt":1,"theoneprobe:probenote":2,"minecraft:iron_leggings":1,"minecraft:chain":2,"biomesoplenty:fir_door":2,"biomesoplenty:glowshroom":7,"minecraft:dark_oak_planks":30,"minecraft:white_wool":15,"biomesoplenty:toadstool":5,"alexsmobs:animal_dictionary":1,"minecraft:wheat":8,"minecraft:stripped_dark_oak_log":2,"patchouli:guide_book":2,"biomesoplenty:glowing_moss_carpet":4,"minecraft:diamond_sword":1,"biomesoplenty:fir_planks":7,"minecraft:bundle":1,"apotheosis:gem":39,"minecraft:leather_leggings":1,"minecraft:wooden_pickaxe":1,"hmag:reinforcing_chain":1}},"DataVersion":3465}