{"stats":{"minecraft:used":{"minecraft:crafting_table":3,"minecraft:stone_pickaxe":38,"minecraft:wooden_pickaxe":27},"minecraft:mined":{"minecraft:sand":4,"minecraft:stone":52,"minecraft:sandstone":10,"biomesoplenty:fir_log":6,"minecraft:crafting_table":1,"minecraft:fern":1},"minecraft:dropped":{"biomesoplenty:fir_planks":7},"minecraft:crafted":{"biomesoplenty:fir_planks":20,"minecraft:crafting_table":2,"minecraft:stick":4,"minecraft:wooden_pickaxe":1,"minecraft:stone_pickaxe":1},"minecraft:custom":{"minecraft:time_since_rest":4252,"minecraft:play_time":4252,"minecraft:sprint_one_cm":8797,"minecraft:damage_taken":60,"minecraft:walk_one_cm":7171,"minecraft:drop":1,"minecraft:jump":39,"minecraft:time_since_death":4252,"minecraft:total_world_time":4252,"minecraft:fly_one_cm":10174,"minecraft:fall_one_cm":1165,"minecraft:interact_with_crafting_table":3},"minecraft:picked_up":{"minecraft:crafting_table":1,"minecraft:sandstone":10,"minecraft:wheat_seeds":1,"biomesoplenty:fir_planks":7,"biomesoplenty:fir_log":5,"minecraft:sand":4,"minecraft:cobblestone":52}},"DataVersion":3465}