{"stats":{"minecraft:mined":{"minecraft:grass":1,"biomesoplenty:sprout":1,"biomesoplenty:fir_leaves":2,"biomesoplenty:fir_log":12},"minecraft:killed_by":{"minecraft:zombie_villager":1},"minecraft:custom":{"minecraft:jump":77,"minecraft:time_since_rest":5647,"minecraft:leave_game":1,"minecraft:damage_dealt":7,"minecraft:crouch_one_cm":35,"minecraft:sprint_one_cm":5669,"minecraft:deaths":1,"minecraft:play_time":24055,"minecraft:damage_taken":350,"minecraft:time_since_death":8046,"minecraft:walk_one_cm":34320,"minecraft:sneak_time":6,"minecraft:total_world_time":24055,"minecraft:interact_with_crafting_table":1,"minecraft:fall_one_cm":1925,"minecraft:fly_one_cm":8673,"minecraft:open_chest":1},"minecraft:picked_up":{"biomesoplenty:fir_log":12,"biomesoplenty:toadstool":6}},"DataVersion":3465}