{"stats":{"minecraft:broken":{"minecraft:iron_boots":1,"minecraft:golden_shovel":1,"minecraft:iron_leggings":1,"minecraft:chainmail_helmet":1,"minecraft:shield":2,"minecraft:iron_axe":1,"minecraft:iron_pickaxe":1},"minecraft:custom":{"minecraft:mob_kills":32,"minecraft:interact_with_crafting_table":42,"minecraft:bell_ring":6,"minecraft:damage_dealt_resisted":0,"minecraft:leave_game":4,"minecraft:time_since_death":2465,"minecraft:climb_one_cm":37409,"minecraft:damage_resisted":0,"minecraft:sprint_one_cm":431468,"minecraft:walk_one_cm":961312,"minecraft:damage_blocked_by_shield":3690,"minecraft:drop":23,"minecraft:talked_to_villager":4,"minecraft:sneak_time":233,"minecraft:play_time":345729,"minecraft:deaths":26,"minecraft:walk_under_water_one_cm":41800,"minecraft:jump":2783,"minecraft:walk_on_water_one_cm":112493,"minecraft:total_world_time":345729,"minecraft:interact_with_furnace":9,"minecraft:pot_flower":8,"minecraft:sleep_in_bed":11,"minecraft:time_since_rest":2221,"minecraft:damage_taken":10970,"minecraft:trigger_trapped_chest":8,"minecraft:damage_dealt":12500,"minecraft:swim_one_cm":23872,"minecraft:fly_one_cm":495285,"minecraft:player_kills":1,"minecraft:open_chest":163,"minecraft:crouch_one_cm":872,"tombstone:undead_killed":17,"minecraft:fall_one_cm":69361},"minecraft:killed":{"grimoireofgaia:centaur":3,"minecraft:skeleton":2,"hmag:zombie_girl":2,"iceandfire:fire_dragon":1,"minecraft:bee":1,"grimoireofgaia:bone_knight":1,"minecraft:zombie":7,"iceandfire:ghost":5,"grimoireofgaia:harpy":4,"alexsmobs:crow":1,"alexsmobs:fly":1,"minecraft:cow":3},"minecraft:killed_by":{"minecraft:zombie_villager":1,"grimoireofgaia:satyress":1,"grimoireofgaia:centaur":2,"alexsmobs:cachalot_whale":1,"iceandfire:sea_serpent":3,"man:managgresive":3,"grimoireofgaia:minotaurus":3,"minecraft:skeleton":2,"grimoireofgaia:harpy":1,"minecraft:zombie":1,"iceandfire:ghost":2,"iceandfire:fire_dragon":6},"minecraft:crafted":{"minecraft:oak_planks":208,"minecraft:iron_nugget":27,"minecraft:furnace":10,"minecraft:yellow_bed":1,"minecraft:diamond_shovel":1,"minecraft:lantern":3,"minecraft:iron_axe":1,"minecraft:ladder":30,"minecraft:spruce_slab":12,"minecraft:chest":15,"minecraft:dark_oak_planks":40,"minecraft:cooked_beef":5,"minecraft:crafting_table":2,"minecraft:spruce_planks":4,"biomesoplenty:fir_planks":48,"minecraft:dark_oak_slab":18,"minecraft:diamond_pickaxe":1,"minecraft:yellow_dye":1,"minecraft:stick":88,"minecraft:gold_ingot":28,"minecraft:torch":64,"minecraft:brick":28},"minecraft:used":{"minecraft:spruce_slab":11,"minecraft:ladder":52,"minecraft:poppy":8,"minecraft:spruce_planks":5,"minecraft:chest":19,"minecraft:shield":104,"minecraft:white_terracotta":3,"minecraft:torch":32,"paraglider:goddess_statue":3,"minecraft:dirt":299,"minecraft:spruce_stairs":2,"minecraft:golden_shovel":32,"minecraft:azure_bluet":9,"minecraft:dark_oak_planks":19,"minecraft:lantern":7,"minecraft:iron_axe":289,"iceandfire:ghost_chest":2,"minecraft:dark_oak_slab":20,"minecraft:stone_brick_stairs":7,"minecraft:stone_bricks":10,"minecraft:item_frame":4,"artifacts:everlasting_beef":1,"minecraft:hay_block":4,"minecraft:furnace":8,"tombstone:gift":7,"minecraft:cooked_beef":3,"minecraft:mossy_stone_bricks":6,"iceandfire:fire_dragon_flesh":1,"minecraft:cobblestone_stairs":5,"minecraft:oak_planks":86,"minecraft:sandstone":6,"minecraft:mossy_cobblestone":5,"minecraft:stripped_dark_oak_log":10,"minecraft:crafting_table":3,"minecraft:oak_log":13,"minecraft:flower_pot":9,"minecraft:diamond_pickaxe":197,"minecraft:oxeye_daisy":12,"minecraft:diamond_shovel":295,"minecraft:dark_oak_log":42,"minecraft:iron_pickaxe":285,"iceandfire:graveyard_soil":4,"minecraft:blue_carpet":3,"croptopia:toast":34,"minecraft:diamond_sword":619,"minecraft:cobblestone":20,"minecraft:purple_bed":2,"minecraft:smooth_stone_slab":2,"minecraft:yellow_bed":6,"minecraft:wither_rose":1,"minecraft:dandelion":6},"minecraft:mined":{"minecraft:dark_oak_planks":8,"minecraft:blue_carpet":3,"minecraft:spruce_planks":11,"iceandfire:graveyard_soil":5,"iceandfire:silver_ore":6,"minecraft:mossy_cobblestone":8,"minecraft:cobblestone_stairs":5,"minecraft:dark_oak_log":12,"minecraft:spruce_trapdoor":2,"minecraft:ladder":20,"biomesoplenty:bush":7,"minecraft:grass_block":236,"gobber2:gobber2_lucky_block":5,"minecraft:light_gray_bed":1,"minecraft:sandstone":6,"minecraft:oxeye_daisy":15,"minecraft:hay_block":8,"minecraft:large_fern":1,"dynamictrees:oak_leaves":1,"minecraft:furnace":2,"biomesoplenty:toadstool":2,"minecraft:iron_ore":5,"minecraft:andesite":1,"evilcraft:dark_ore":4,"minecraft:dirt_path":8,"minecraft:azure_bluet":26,"minecraft:vine":3,"minecraft:bookshelf":7,"biomesoplenty:high_grass":6,"iceandfire:gold_pile":32,"minecraft:oak_stairs":12,"minecraft:lantern":3,"minecraft:spruce_wood":4,"minecraft:stone":272,"minecraft:podzol":1,"minecraft:oak_slab":8,"minecraft:scaffolding":2,"minecraft:glass_pane":1,"biomesoplenty:glowworm_silk":2,"minecraft:stripped_dark_oak_log":15,"minecraft:dandelion":18,"minecraft:crafting_table":2,"minecraft:cornflower":2,"minecraft:torch":2,"minecraft:poppy":18,"iceandfire:ghost_chest":5,"minecraft:chest":4,"supplementaries:wild_flax":1,"biomesoplenty:high_grass_plant":4,"minecraft:cobblestone":23,"biomesoplenty:sprout":7,"biomesoplenty:huge_clover_petal":22,"minecraft:oak_planks":16,"minecraft:wall_torch":2,"minecraft:skeleton_skull":2,"minecraft:spruce_stairs":3,"minecraft:white_terracotta":18,"minecraft:purple_bed":3,"minecraft:dark_oak_slab":6,"sophisticatedbackpacks:diamond_backpack":1,"minecraft:stone_brick_stairs":12,"minecraft:potted_poppy":1,"biomesoplenty:maple_leaves":1,"iceandfire:ash":5,"minecraft:smooth_stone_slab":2,"minecraft:tnt":2,"biomesoplenty:fir_log":13,"minecraft:yellow_bed":4,"minecraft:grass":56,"minecraft:potted_azure_bluet":1,"biomesoplenty:clover":94,"minecraft:oak_log":8,"minecraft:coal_ore":70,"biomesoplenty:fir_leaves":4,"minecraft:dirt":139,"minecraft:stone_bricks":12,"paraglider:goddess_statue":3,"minecraft:mossy_stone_bricks":12,"biomesoplenty:redwood_wood":11,"minecraft:oak_leaves":5,"minecraft:fern":2},"minecraft:picked_up":{"croptopia:toast":39,"minecraft:crafting_table":2,"minecraft:azure_bluet":27,"minecraft:ladder":28,"iceandfire:copper_sword":1,"minecraft:flower_pot":2,"grimoireofgaia:bag_arrows":1,"minecraft:brown_mushroom":1,"minecraft:diamond_sword":1,"minecraft:oak_stairs":12,"minecraft:wither_rose":3,"minecraft:golden_shovel":1,"minecraft:stone_brick_stairs":12,"minecraft:chain":4,"minecraft:shield":1,"minecraft:cornflower":2,"paraglider:goddess_statue":3,"minecraft:wooden_sword":1,"minecraft:raw_copper":2,"minecraft:iron_axe":1,"minecraft:smooth_stone_slab":2,"biomesoplenty:yellow_autumn_sapling":1,"minecraft:iron_leggings":1,"minecraft:item_frame":4,"iceandfire:graveyard_soil":11,"minecraft:diamond_leggings":1,"minecraft:gold_nugget":315,"minecraft:spruce_planks":12,"minecraft:beef":5,"minecraft:egg":1,"minecraft:iron_nugget":7,"minecraft:poppy":20,"minecraft:iron_pickaxe":1,"biomesoplenty:redwood_wood":11,"minecraft:chest":4,"minecraft:spruce_trapdoor":2,"minecraft:furnace":2,"minecraft:iron_boots":3,"grimoireofgaia:taproot":2,"minecraft:raw_iron":5,"apotheosis:gem":10,"minecraft:stick":11,"minecraft:sandstone":6,"iceandfire:ghost_chest":5,"minecraft:copper_ingot":2,"minecraft:torch":4,"minecraft:spruce_stairs":3,"tombstone:grave_dust":12,"minecraft:carrot":1,"minecraft:redstone":2,"minecraft:blue_carpet":3,"minecraft:arrow":1,"minecraft:dark_oak_planks":8,"gobber2:gobber2_foo":1,"minecraft:tnt":2,"artifacts:everlasting_beef":1,"minecraft:rotten_flesh":10,"minecraft:light_gray_bed":1,"minecraft:diamond_boots":1,"minecraft:hay_block":6,"minecraft:gold_ingot":2,"minecraft:white_terracotta":18,"iceandfire:armor_green_helmet":1,"minecraft:skeleton_skull":4,"minecraft:cobblestone":278,"minecraft:oxeye_daisy":14,"minecraft:birch_log":19,"minecraft:feather":2,"minecraft:andesite":1,"gobber2:gobber2_gooey_beefstew":1,"minecraft:leather":3,"biomesoplenty:fir_log":13,"minecraft:oak_log":79,"iceandfire:ectoplasm":14,"minecraft:yellow_bed":5,"croptopia:walnut":2,"minecraft:cobblestone_stairs":5,"minecraft:dirt":454,"minecraft:lantern":4,"minecraft:bone":26,"iceandfire:armor_green_chestplate":1,"minecraft:stone_bricks":12,"minecraft:wheat_seeds":6,"minecraft:spruce_wood":4,"minecraft:iron_ingot":2,"minecraft:cobweb":7,"minecraft:mossy_stone_bricks":12,"minecraft:oak_planks":13,"iceandfire:fire_dragon_flesh":8,"minecraft:oak_slab":8,"sophisticatedbackpacks:diamond_backpack":1,"minecraft:book":21,"biomesoplenty:toadstool":8,"minecraft:dark_oak_slab":6,"minecraft:dandelion":19,"iceandfire:dragon_skull_fire":1,"minecraft:mossy_cobblestone":7,"minecraft:dark_oak_log":97,"grimoireofgaia:shiny_pearl":3,"minecraft:purple_bed":3,"evilcraft:dark_gem":38,"minecraft:crossbow":1,"minecraft:emerald":2,"minecraft:chainmail_helmet":1,"biomesoplenty:pink_daffodil":1,"alexsmobs:maggot":2,"minecraft:oak_sapling":3,"minecraft:stripped_dark_oak_log":12,"gobber2:gobber2_goo":3,"minecraft:coal":66,"iceandfire:raw_silver":6},"minecraft:dropped":{"minecraft:brown_mushroom":1,"iceandfire:fire_dragon_flesh":3,"minecraft:oxeye_daisy":1,"minecraft:cobweb":6,"minecraft:dirt":131,"croptopia:walnut":2,"minecraft:wither_rose":1,"minecraft:dandelion":4,"biomesoplenty:toadstool":6,"croptopia:toast":1,"minecraft:rotten_flesh":2,"minecraft:iron_boots":2,"artifacts:everlasting_beef":1,"iceandfire:ghost_chest":2,"biomesoplenty:fir_planks":16,"minecraft:spruce_trapdoor":2,"minecraft:spruce_planks":2,"minecraft:chainmail_boots":1}},"DataVersion":3465}