{"stats":{"minecraft:mined":{"minecraft:grass":1,"biomesoplenty:sprout":1,"biomesoplenty:fir_leaves":2,"biomesoplenty:fir_log":12},"minecraft:killed_by":{"minecraft:zombie_villager":1},"minecraft:custom":{"minecraft:jump":77,"minecraft:damage_dealt":7,"minecraft:damage_taken":350,"minecraft:leave_game":2,"minecraft:crouch_one_cm":35,"minecraft:time_since_death":8287,"minecraft:play_time":24296,"minecraft:sprint_one_cm":5669,"minecraft:walk_one_cm":34424,"minecraft:deaths":1,"minecraft:sneak_time":6,"minecraft:total_world_time":24296,"minecraft:interact_with_crafting_table":1,"minecraft:fly_one_cm":8673,"minecraft:fall_one_cm":1925,"minecraft:open_chest":1,"minecraft:time_since_rest":5888},"minecraft:picked_up":{"biomesoplenty:fir_log":12,"biomesoplenty:toadstool":6}},"DataVersion":3465}