{"stats":{"minecraft:used":{"iceandfire:lectern":3,"minecraft:ladder":57,"minecraft:chest":64,"minecraft:shield":21,"minecraft:stone":229,"paraglider:goddess_statue":2,"minecraft:carrot":1,"cataclysm:infernal_forge":1973,"minecraft:lantern":4,"minecraft:item_frame":2,"minecraft:red_carpet":52,"minecraft:furnace":6,"iceandfire:pixie_jar_empty":2,"minecraft:gray_carpet":5,"minecraft:oak_planks":153,"minecraft:composter":5,"minecraft:diamond_axe":673,"iceandfire:podium_spruce":1,"minecraft:blast_furnace":10,"minecraft:lectern":7,"croptopia:toast":61,"minecraft:diamond_sword":27,"minecraft:smithing_table":1,"evilcraft:dark_ore":6,"minecraft:oak_trapdoor":1,"minecraft:iron_bars":5,"botanypots:black_glazed_terracotta_hopper_botany_pot":12,"minecraft:torch":43,"minecraft:brewing_stand":1,"minecraft:dirt":2,"minecraft:anvil":2,"minecraft:hopper":13,"minecraft:dark_oak_planks":1,"minecraft:spawner":1,"minecraft:barrel":9,"alexscaves:spelunkery_table":3,"tombstone:gift":6,"minecraft:water_bucket":25,"minecraft:polished_andesite":1,"minecraft:crafting_table":6,"minecraft:white_bed":5,"tombstone:tablet_of_home":3,"minecraft:smoker":1,"minecraft:diamond_pickaxe":1846,"minecraft:oxeye_daisy":1,"minecraft:diamond_shovel":154,"biomesoplenty:pink_daffodil":6,"minecraft:stone_slab":4,"minecraft:cobblestone":27,"minecraft:stripped_crimson_hyphae":1,"minecraft:bucket":26},"minecraft:dropped":{"minecraft:item_frame":1,"minecraft:cornflower":2,"minecraft:gold_nugget":1,"minecraft:dark_oak_planks":1,"biomesoplenty:toadstool":1,"minecraft:iron_nugget":2,"evilcraft:flesh_humanoid":2,"iceandfire:ghost_chest":1,"minecraft:birch_door":1,"cataclysm:infernal_forge":1,"minecraft:stone_brick_stairs":1,"minecraft:oak_slab":2,"minecraft:wheat_seeds":60,"minecraft:lilac":1,"minecraft:cobblestone":1,"minecraft:spruce_fence_gate":1,"minecraft:torch":1,"tombstone:grave_dust":1,"minecraft:oak_trapdoor":4,"minecraft:composter":1,"minecraft:flower_pot":2},"minecraft:mined":{"minecraft:white_bed":5,"minecraft:brewing_stand":1,"minecraft:granite":3,"minecraft:stripped_crimson_hyphae":3,"minecraft:grass_block":33,"minecraft:potted_mangrove_propagule":1,"gobber2:gobber2_lucky_block":10,"biomesoplenty:flowering_oak_leaves":5,"iceandfire:lectern":3,"minecraft:composter":6,"minecraft:oxeye_daisy":1,"minecraft:spawner":2,"minecraft:tall_seagrass":1,"minecraft:iron_ore":23,"minecraft:barrel":8,"minecraft:dirt_path":1,"minecraft:oak_stairs":7,"minecraft:iron_bars":4,"minecraft:potted_cornflower":3,"minecraft:player_head":1,"minecraft:smoker":1,"minecraft:torch":1,"minecraft:blast_furnace":7,"minecraft:calcite":1,"minecraft:melon":2,"iceandfire:ghost_chest":1,"minecraft:chest":65,"minecraft:cobblestone":4,"minecraft:sugar_cane":1,"minecraft:oak_planks":84,"minecraft:damaged_anvil":1,"botanypots:black_glazed_terracotta_hopper_botany_pot":12,"minecraft:wall_torch":17,"minecraft:lilac":1,"minecraft:birch_door":1,"minecraft:tnt":6,"minecraft:potted_poppy":1,"minecraft:stone_brick_stairs":1,"minecraft:smooth_stone_slab":1,"minecraft:grass":1433,"biomesoplenty:clover":1,"minecraft:dirt":118,"minecraft:oak_leaves":10,"biomesoplenty:reed":4,"alexscaves:spelunkery_table":2,"minecraft:red_carpet":53,"iceandfire:silver_ore":4,"minecraft:ladder":24,"biomesoplenty:bush":7,"minecraft:stone_button":1,"minecraft:hay_block":6,"minecraft:oak_trapdoor":11,"minecraft:furnace":3,"minecraft:carrots":1,"biomesoplenty:toadstool":2,"evilcraft:dark_ore":12,"minecraft:bookshelf":262,"biomesoplenty:high_grass":1117,"minecraft:vine":2,"minecraft:lantern":1,"minecraft:stone":1224,"iceandfire:podium_spruce":1,"minecraft:cake":1,"iceandfire:pixie_jar_empty":2,"minecraft:smithing_table":1,"minecraft:oak_slab":14,"minecraft:crafting_table":3,"minecraft:lectern":8,"minecraft:campfire":6,"minecraft:stone_slab":1,"biomesoplenty:high_grass_plant":2136,"minecraft:tall_grass":143,"minecraft:copper_ore":11,"biomesoplenty:huge_clover_petal":4,"biomesoplenty:sprout":1,"minecraft:lapis_ore":7,"biomesoplenty:pink_daffodil":16,"minecraft:white_carpet":3,"minecraft:potted_azure_bluet":1,"minecraft:coal_ore":77,"minecraft:gravel":39,"minecraft:gray_carpet":30,"minecraft:spruce_fence_gate":1,"minecraft:polished_andesite":1,"minecraft:gold_ore":7,"minecraft:infested_stone":1,"minecraft:fern":61,"paraglider:goddess_statue":2},"minecraft:crafted":{"minecraft:smooth_stone":16,"croptopia:toast":304,"minecraft:stone":48,"minecraft:diamond_shovel":1,"minecraft:iron_bars":16,"minecraft:hopper":14,"minecraft:chest":14,"minecraft:emerald":184,"minecraft:diamond_axe":1,"minecraft:crafting_table":3,"minecraft:copper_ingot":70,"minecraft:hay_block":75,"minecraft:apple":4,"minecraft:paper":1050,"minecraft:diamond_pickaxe":1,"minecraft:shield":1,"minecraft:stick":80,"minecraft:stone_slab":6,"minecraft:iron_ingot":63,"minecraft:iron_block":3,"minecraft:gold_ingot":42,"hmag:lemon":4,"croptopia:apple_sapling":2,"minecraft:furnace":13,"minecraft:blast_furnace":3,"minecraft:ladder":33,"minecraft:wheat":711,"minecraft:diamond_sword":1,"iceandfire:silver_ingot":4,"minecraft:bucket":1,"minecraft:enchanted_book":7,"minecraft:bread":576,"minecraft:air":0,"minecraft:golden_apple":5,"minecraft:raw_gold":18,"minecraft:flint":4,"minecraft:anvil":1,"minecraft:clay":192},"minecraft:killed_by":{"grimoireofgaia:cecaelia":3,"minecraft:zombie":1,"minecraft:husk":2,"hordes:zombie_player":4,"minecraft:skeleton":1},"minecraft:custom":{"minecraft:interact_with_crafting_table":43,"minecraft:open_barrel":37,"goblintraders:trade_with_goblin":74,"minecraft:eat_cake_slice":1,"minecraft:leave_game":4,"minecraft:time_since_death":13997,"minecraft:sprint_one_cm":1139366,"minecraft:damage_blocked_by_shield":1110,"minecraft:drop":61,"minecraft:talked_to_villager":85,"minecraft:play_time":451897,"minecraft:deaths":12,"minecraft:jump":4010,"minecraft:interact_with_brewingstand":2,"minecraft:walk_on_water_one_cm":81117,"minecraft:interact_with_furnace":79,"minecraft:traded_with_villager":189,"minecraft:sleep_in_bed":12,"minecraft:damage_dealt":23116,"minecraft:crouch_one_cm":10028,"tombstone:undead_killed":28,"minecraft:interact_with_smoker":11,"minecraft:interact_with_smithing_table":2,"minecraft:mob_kills":109,"minecraft:interact_with_anvil":10,"minecraft:inspect_hopper":1,"minecraft:damage_dealt_resisted":0,"minecraft:climb_one_cm":71819,"minecraft:walk_one_cm":1551363,"minecraft:sneak_time":5946,"minecraft:walk_under_water_one_cm":11820,"minecraft:interact_with_blast_furnace":5,"minecraft:total_world_time":451897,"tombstone:raider_killed":64,"minecraft:interact_with_stonecutter":1,"minecraft:time_since_rest":13752,"minecraft:damage_taken":6219,"minecraft:trigger_trapped_chest":4,"minecraft:swim_one_cm":42197,"minecraft:fly_one_cm":933469,"minecraft:open_chest":538,"minecraft:fall_one_cm":96765},"minecraft:killed":{"minecraft:spider":2,"grimoireofgaia:minotaurus":2,"minecraft:skeleton":1,"artifacts:mimic":1,"minecraft:creeper":1,"minecraft:pillager":8,"minecraft:zombie":2,"grimoireofgaia:harpy":5,"alexsmobs:fly":1,"minecraft:cow":3,"alexsmobs:raccoon":1,"minecraft:vindicator":56,"hmag:drowned_girl":1,"hmag:zombie_girl":1,"minecraft:drowned":3,"minecraft:husk":18,"evilcraft:poisonous_libelle":1,"iceandfire:ghost":1,"tombstone:spectral_wolf":1},"minecraft:picked_up":{"minecraft:birch_door":1,"minecraft:wheat":661,"minecraft:chainmail_boots":1,"minecraft:flower_pot":8,"minecraft:smithing_table":1,"minecraft:stone_slab":2,"minecraft:oak_stairs":7,"minecraft:enchanted_book":3,"croptopia:calamari":2,"minecraft:stone_brick_stairs":1,"minecraft:brewing_stand":1,"paraglider:goddess_statue":2,"minecraft:string":2,"minecraft:raw_copper":33,"minecraft:smooth_stone_slab":1,"minecraft:iron_leggings":1,"minecraft:armor_stand":1,"minecraft:beetroot":5,"minecraft:gold_nugget":3,"alexsmobs:raccoon_tail":1,"minecraft:melon_slice":6,"minecraft:iron_boots":1,"minecraft:furnace":3,"iceandfire:pixie_dust":1,"minecraft:stick":2,"apotheosis:gem":14,"iceandfire:ghost_chest":1,"minecraft:composter":7,"minecraft:torch":24,"minecraft:porkchop":3,"tombstone:grave_dust":4,"grimoireofgaia:deco_nest_harpy":1,"gobber2:gobber2_foo":3,"minecraft:rotten_flesh":26,"minecraft:iron_bars":8,"minecraft:cod":10,"minecraft:cobblestone":373,"minecraft:feather":3,"minecraft:lilac":2,"minecraft:smoker":1,"minecraft:potato":5,"minecraft:flint":5,"evilcraft:flesh_humanoid":2,"minecraft:lapis_lazuli":165,"minecraft:dirt":165,"minecraft:lantern":4,"minecraft:bone":1,"gobber2:gobber2_gooey_beef":3,"minecraft:wheat_seeds":217,"minecraft:raw_gold":7,"theoneprobe:probenote":1,"evilcraft:dark_ore":6,"minecraft:oak_planks":413,"gobber2:gobber2_gooey_bread":2,"biomesoplenty:toadstool":2,"minecraft:cooked_porkchop":1,"patchouli:guide_book":1,"iceandfire:podium_spruce":1,"evilcraft:dark_gem_crushed":16,"minecraft:ink_sac":9,"botanypots:black_glazed_terracotta_hopper_botany_pot":12,"minecraft:grass_block":5,"minecraft:barrel":8,"alexsmobs:animal_dictionary":1,"minecraft:polished_andesite":1,"minecraft:spruce_fence_gate":1,"minecraft:diamond":50,"iceandfire:lectern":3,"minecraft:writable_book":2,"minecraft:granite":3,"minecraft:bread":69,"minecraft:emerald":18,"biomesoplenty:pink_daffodil":9,"minecraft:oak_sapling":5,"gobber2:gobber2_goo":2,"iceandfire:raw_silver":4,"croptopia:toast":45,"minecraft:charcoal":12,"minecraft:crafting_table":3,"minecraft:azure_bluet":1,"minecraft:chicken":3,"minecraft:ladder":25,"minecraft:clay_ball":768,"minecraft:leather_leggings":1,"minecraft:turtle_helmet":1,"minecraft:cornflower":6,"minecraft:oak_trapdoor":12,"minecraft:iron_axe":1,"minecraft:white_carpet":4,"minecraft:item_frame":4,"artifacts:fire_gauntlet":1,"iceandfire:bestiary":1,"minecraft:beef":16,"minecraft:player_head":1,"minecraft:iron_nugget":4,"minecraft:poppy":1,"minecraft:lectern":8,"minecraft:sugar_cane":4,"minecraft:chest":65,"minecraft:stripped_crimson_hyphae":2,"minecraft:raw_iron":23,"minecraft:stone":847,"minecraft:copper_ingot":128,"minecraft:stone_button":1,"minecraft:carrot":7,"minecraft:redstone":128,"minecraft:dark_oak_planks":1,"minecraft:tnt":6,"minecraft:arrow":1,"minecraft:beetroot_seeds":8,"minecraft:hay_block":6,"alexscaves:spelunkery_table":2,"minecraft:gold_ingot":1,"minecraft:mutton":4,"minecraft:oxeye_daisy":1,"hmag:bat_stew":1,"minecraft:leather":4,"minecraft:oak_log":24,"minecraft:spawner":1,"minecraft:red_carpet":52,"minecraft:apple":1,"minecraft:gray_carpet":57,"iceandfire:pixie_jar_empty":2,"minecraft:iron_ingot":128,"tombstone:bag_of_seeds":1,"minecraft:book":851,"minecraft:oak_slab":19,"minecraft:gravel":35,"minecraft:blast_furnace":7,"minecraft:white_bed":5,"biomesoplenty:flowering_oak_sapling":1,"minecraft:chainmail_leggings":1,"evilcraft:dark_gem":171,"minecraft:iron_helmet":1,"minecraft:damaged_anvil":1,"minecraft:coal":129,"minecraft:mangrove_propagule":1}},"DataVersion":3465}