{"stats":{"minecraft:broken":{"minecraft:iron_boots":1,"minecraft:diamond_boots":1,"minecraft:diamond_leggings":1,"minecraft:shield":2,"iceandfire:tide_blue_helmet":1,"minecraft:iron_helmet":1},"minecraft:custom":{"minecraft:interact_with_crafting_table":97,"minecraft:open_barrel":105,"goblintraders:trade_with_goblin":74,"minecraft:eat_cake_slice":1,"minecraft:leave_game":12,"minecraft:time_since_death":77517,"minecraft:damage_resisted":0,"minecraft:sprint_one_cm":2218979,"minecraft:damage_blocked_by_shield":6878,"minecraft:drop":266,"minecraft:talked_to_villager":96,"minecraft:play_time":1053107,"minecraft:deaths":37,"minecraft:jump":8406,"minecraft:interact_with_brewingstand":2,"minecraft:walk_on_water_one_cm":182460,"minecraft:enchant_item":14,"minecraft:interact_with_furnace":134,"minecraft:traded_with_villager":226,"minecraft:sleep_in_bed":17,"minecraft:damage_dealt":80372,"minecraft:crouch_one_cm":17468,"tombstone:undead_killed":114,"tombstone:villager_killed":1,"minecraft:interact_with_smithing_table":2,"minecraft:interact_with_smoker":41,"minecraft:interact_with_anvil":28,"minecraft:mob_kills":371,"minecraft:inspect_hopper":1,"minecraft:damage_dealt_resisted":30,"minecraft:climb_one_cm":107225,"minecraft:walk_one_cm":3031306,"minecraft:damage_dealt_absorbed":57,"minecraft:sneak_time":17957,"minecraft:walk_under_water_one_cm":143141,"minecraft:boat_one_cm":231120,"minecraft:interact_with_blast_furnace":76,"minecraft:total_world_time":1053107,"tombstone:raider_killed":130,"minecraft:interact_with_stonecutter":1,"minecraft:time_since_rest":76705,"minecraft:damage_taken":23624,"minecraft:damage_absorbed":40,"minecraft:trigger_trapped_chest":4,"minecraft:swim_one_cm":474298,"minecraft:fly_one_cm":2249426,"minecraft:open_chest":1132,"minecraft:fall_one_cm":204409},"minecraft:mined":{"minecraft:white_bed":5,"iceandfire:graveyard_soil":5,"biomesoplenty:brimstone":11,"minecraft:brewing_stand":1,"minecraft:obsidian":14,"minecraft:granite":3,"minecraft:stripped_crimson_hyphae":4,"minecraft:grass_block":46,"minecraft:potted_mangrove_propagule":1,"gobber2:gobber2_lucky_block":27,"biomesoplenty:flowering_oak_leaves":5,"iceandfire:lectern":3,"biomesoplenty:eyebulb":2,"minecraft:soul_soil":1,"minecraft:composter":6,"minecraft:oxeye_daisy":1,"biomesoplenty:pus_bubble":1,"minecraft:spawner":13,"minecraft:tall_seagrass":1,"minecraft:magma_block":8,"minecraft:glowstone":30,"minecraft:iron_ore":77,"minecraft:barrel":8,"minecraft:fire":1,"minecraft:deepslate_lapis_ore":32,"minecraft:azure_bluet":1,"iceandfire:gold_pile":23,"minecraft:dirt_path":1,"minecraft:iron_bars":4,"stalwart_dungeons:soul_magma_bricks":1,"minecraft:oak_stairs":7,"minecraft:potted_cornflower":3,"minecraft:player_head":1,"minecraft:deepslate_redstone_ore":10,"minecraft:brown_mushroom":1,"biomesoplenty:glowing_moss_carpet":1,"minecraft:smoker":1,"stalwart_dungeons:soul_tiles":2,"minecraft:torch":1,"minecraft:dark_oak_wood":3,"minecraft:blast_furnace":9,"minecraft:calcite":1,"minecraft:melon":2,"iceandfire:ghost_chest":1,"gobber2:gobber2_lucky_block_nether":26,"minecraft:chest":65,"minecraft:glass":1,"minecraft:nether_quartz_ore":42,"minecraft:cobblestone":11,"minecraft:damaged_anvil":1,"minecraft:oak_planks":94,"minecraft:sugar_cane":3,"minecraft:grindstone":1,"botanypots:black_glazed_terracotta_hopper_botany_pot":12,"minecraft:wall_torch":18,"minecraft:chain":1,"minecraft:wither_rose":1,"minecraft:warped_nylium":14,"minecraft:lilac":2,"biomesoplenty:fir_log":1,"minecraft:smooth_stone_slab":1,"minecraft:tnt":6,"biomesoplenty:hair":1,"evilcraft:dark_ore_deepslate":6,"minecraft:wheat":9,"minecraft:stone_brick_stairs":2,"minecraft:birch_door":1,"minecraft:potted_poppy":1,"minecraft:grass":1648,"biomesoplenty:clover":31,"minecraft:dirt":132,"minecraft:sand":13,"stalwart_dungeons:pusher":75,"minecraft:crying_obsidian":3,"minecraft:deepslate":1136,"minecraft:netherrack":159,"minecraft:infested_deepslate":1,"biomesoplenty:reed":4,"minecraft:diamond_ore":1,"minecraft:oak_leaves":15,"minecraft:tuff":29,"iceandfire:chared_stone":1,"minecraft:suspicious_gravel":3,"minecraft:red_carpet":56,"biomesoplenty:glowing_moss_block":2,"minecraft:nether_gold_ore":31,"alexscaves:spelunkery_table":2,"iceandfire:silver_ore":4,"minecraft:mossy_cobblestone":1,"stalwart_dungeons:soul_bricks":8,"minecraft:deepslate_diamond_ore":123,"minecraft:ladder":24,"biomesoplenty:bush":13,"minecraft:stone_button":1,"iceandfire:chared_dirt":2,"minecraft:kelp":4,"minecraft:sandstone":4,"minecraft:hay_block":17,"minecraft:redstone_ore":1,"minecraft:oak_trapdoor":11,"minecraft:furnace":3,"minecraft:carrots":1,"biomesoplenty:toadstool":2,"minecraft:nether_sprouts":1,"iceandfire:chared_gravel":6,"evilcraft:dark_ore":15,"biomesoplenty:flesh":6,"minecraft:gold_block":2,"minecraft:bookshelf":274,"biomesoplenty:high_grass":1327,"minecraft:deepslate_iron_ore":59,"minecraft:vine":6,"minecraft:lantern":2,"minecraft:stone":1510,"iceandfire:podium_spruce":1,"minecraft:bone_block":3,"minecraft:cake":1,"iceandfire:pixie_jar_empty":2,"minecraft:smithing_table":1,"biomesoplenty:porous_flesh":1,"minecraft:oak_slab":15,"minecraft:basalt":5,"supplementaries:ashen_basalt":1,"minecraft:crafting_table":4,"minecraft:honey_block":1,"minecraft:campfire":6,"minecraft:lectern":8,"biomesoplenty:high_grass_plant":2460,"minecraft:stone_slab":1,"minecraft:copper_ore":11,"minecraft:tall_grass":176,"minecraft:lapis_ore":27,"biomesoplenty:huge_clover_petal":89,"biomesoplenty:sprout":1,"minecraft:deepslate_gold_ore":61,"stalwart_dungeons:tungsten_ore":1,"supplementaries:urn":3,"biomesoplenty:pink_daffodil":20,"minecraft:beehive":2,"minecraft:white_carpet":3,"gobber2:gobber2_lucky_block_deepslate":13,"minecraft:potted_azure_bluet":1,"minecraft:coal_ore":185,"stalwart_dungeons:igniter":20,"minecraft:gravel":76,"minecraft:gray_carpet":65,"minecraft:cobweb":3,"minecraft:polished_andesite":1,"minecraft:spruce_fence_gate":1,"minecraft:infested_stone":1,"minecraft:gold_ore":13,"biomesoplenty:redwood_wood":2,"minecraft:fern":61,"paraglider:goddess_statue":2},"minecraft:used":{"iceandfire:lectern":3,"stalwart_dungeons:pusher":156,"minecraft:ladder":57,"stalwart_dungeons:awful_ghast_spawn_egg":1,"minecraft:chest":68,"minecraft:shield":127,"minecraft:stone":322,"paraglider:goddess_statue":2,"minecraft:carrot":1,"minecraft:obsidian":5,"minecraft:glass":8,"sophisticatedbackpacks:diamond_backpack":1,"cataclysm:infernal_forge":1973,"minecraft:coal_ore":12,"minecraft:lantern":5,"minecraft:item_frame":2,"minecraft:bedrock":2,"minecraft:magma_block":5,"minecraft:red_carpet":55,"minecraft:hay_block":1,"minecraft:furnace":6,"iceandfire:pixie_jar_empty":2,"minecraft:oak_planks":177,"minecraft:gray_carpet":39,"artifacts:eternal_steak":35,"minecraft:composter":5,"minecraft:diamond_axe":793,"minecraft:golden_apple":1,"iceandfire:podium_spruce":1,"minecraft:sand":20,"minecraft:blast_furnace":12,"stalwart_dungeons:nether_keeper_spawn_egg":1,"stalwart_dungeons:incomplete_wither_spawn_egg":9,"minecraft:lectern":7,"biomesoplenty:glowing_moss_carpet":1,"tombstone:grave_key":1,"minecraft:netherite_sword":95,"minecraft:lilac":1,"croptopia:toast":164,"minecraft:diamond_sword":1305,"minecraft:iron_bars":5,"minecraft:oak_trapdoor":1,"minecraft:flint_and_steel":1,"minecraft:grindstone":1,"minecraft:smithing_table":1,"minecraft:oak_boat":2,"evilcraft:dark_ore":6,"minecraft:bone_meal":8,"minecraft:enchanting_table":1,"biomesoplenty:glowing_moss_block":2,"botanypots:black_glazed_terracotta_hopper_botany_pot":12,"stalwart_dungeons:reinforced_blaze_spawn_egg":1,"minecraft:netherrack":40,"minecraft:dirt":24,"minecraft:torch":52,"minecraft:brewing_stand":1,"minecraft:anvil":3,"minecraft:hopper":13,"minecraft:dark_oak_planks":1,"cataclysm:deepling_warlock_spawn_egg":1,"minecraft:bookshelf":34,"minecraft:spawner":9,"minecraft:barrel":9,"minecraft:glowstone":3,"alexscaves:spelunkery_table":3,"minecraft:basalt":1,"biomesoplenty:blood_bucket":1,"cataclysm:the_watcher_spawn_egg":1,"tombstone:gift":7,"minecraft:cobbled_deepslate":2,"minecraft:water_bucket":31,"minecraft:polished_andesite":33,"minecraft:crafting_table":10,"stalwart_dungeons:giddy_blaze_spawn_egg":1,"minecraft:white_bed":5,"tombstone:tablet_of_home":3,"minecraft:smoker":1,"minecraft:diamond_pickaxe":4288,"minecraft:oxeye_daisy":1,"minecraft:diamond_shovel":210,"biomesoplenty:pink_daffodil":6,"minecraft:iron_pickaxe":115,"stalwart_dungeons:tungsten_sword":169,"minecraft:stone_slab":4,"croptopia:tomato_seed":1,"iceandfire:chared_gravel":6,"minecraft:cobblestone":48,"minecraft:stripped_crimson_hyphae":1,"minecraft:bucket":35,"biomesoplenty:fir_log":1,"minecraft:soul_torch":1,"minecraft:smooth_stone":4},"minecraft:dropped":{"iceandfire:chared_stone":3,"minecraft:clay":1,"minecraft:iron_sword":2,"minecraft:brown_mushroom":1,"grimoireofgaia:withered_brain":5,"iceandfire:chared_dirt":14,"minecraft:warped_roots":1,"iceandfire:ectoplasm":1,"minecraft:leather_helmet":1,"minecraft:flint":4,"iceandfire:graveyard_soil":5,"minecraft:item_frame":1,"croptopia:walnut":2,"minecraft:cornflower":2,"minecraft:gold_nugget":9,"minecraft:sand":4,"minecraft:iron_pickaxe":1,"minecraft:dark_oak_planks":1,"minecraft:birch_log":1,"minecraft:gravel":1,"biomesoplenty:toadstool":1,"croptopia:toast":147,"minecraft:iron_nugget":6,"minecraft:cobbled_deepslate":165,"minecraft:nether_brick":2,"minecraft:netherite_sword":1,"minecraft:rotten_flesh":2,"minecraft:golden_shovel":1,"evilcraft:flesh_humanoid":3,"minecraft:carrot":1,"croptopia:apple_sapling":8,"supplementaries:ash":8,"iceandfire:ghost_chest":1,"minecraft:chainmail_boots":1,"minecraft:glowstone":1,"apotheosis:gem":5,"minecraft:leather_boots":1,"minecraft:birch_door":1,"minecraft:netherrack":3,"minecraft:leather_leggings":1,"minecraft:beef":1,"cataclysm:infernal_forge":1,"minecraft:stone_brick_stairs":1,"minecraft:oak_leaves":2,"minecraft:enchanted_book":2,"minecraft:oak_slab":2,"minecraft:wheat_seeds":77,"minecraft:lilac":1,"hmag:cureberry":5,"minecraft:diamond_leggings":2,"minecraft:feather":1,"minecraft:cobblestone":134,"grimoireofgaia:shiny_pearl":2,"minecraft:chainmail_helmet":1,"minecraft:grass_block":2,"minecraft:spruce_fence_gate":1,"stalwart_dungeons:soul_bricks":4,"minecraft:ink_sac":3,"minecraft:torch":7,"iceandfire:armor_green_chestplate":1,"grimoireofgaia:taproot":2,"minecraft:diamond_helmet":1,"tombstone:grave_dust":1,"minecraft:iron_leggings":1,"minecraft:wither_rose":3,"minecraft:iron_axe":2,"minecraft:iron_shovel":1,"minecraft:chainmail_leggings":1,"minecraft:kelp":2,"minecraft:soul_soil":1,"minecraft:oak_trapdoor":4,"minecraft:composter":1,"iceandfire:armor_green_helmet":2,"minecraft:iron_boots":2,"minecraft:diamond_sword":4,"minecraft:shield":4,"minecraft:flower_pot":2,"minecraft:diamond_chestplate":1,"minecraft:spruce_trapdoor":2,"minecraft:bundle":1,"minecraft:diamond_pickaxe":2,"minecraft:iron_chestplate":1,"minecraft:diamond_boots":2,"minecraft:sandstone":4},"minecraft:killed_by":{"man:managgresive":2,"grimoireofgaia:cecaelia":8,"grimoireofgaia:bone_knight":3,"grimoireofgaia:minotaurus":1,"minecraft:zombie":1,"grimoireofgaia:wither_cow":1,"stalwart_dungeons:reinforced_blaze":5,"stalwart_dungeons:incomplete_wither":3,"iceandfire:fire_dragon":2,"minecraft:husk":2,"grimoireofgaia:succubus":1,"minecraft:player":1,"grimoireofgaia:flesh_lich":1,"minecraft:skeleton":1},"minecraft:crafted":{"minecraft:smooth_stone":80,"minecraft:oak_planks":312,"minecraft:blaze_powder":6,"croptopia:toast":691,"minecraft:stone":48,"minecraft:diamond_shovel":1,"minecraft:bookshelf":34,"minecraft:cracked_stone_bricks":15,"minecraft:iron_bars":16,"minecraft:glass":5,"minecraft:hopper":14,"minecraft:diamond_helmet":2,"minecraft:diamond_leggings":4,"explorerscompass:explorerscompass":1,"iceandfire:armor_green_helmet":2,"minecraft:chest":16,"minecraft:stone_bricks":16,"stalwart_dungeons:tungsten_sword":2,"sophisticatedbackpacks:backpack":2,"minecraft:emerald":216,"minecraft:diamond_axe":1,"minecraft:crafting_table":7,"minecraft:copper_ingot":74,"minecraft:hay_block":75,"minecraft:birch_planks":52,"iceandfire:armor_green_chestplate":1,"minecraft:apple":4,"iceandfire:tide_blue_helmet":1,"minecraft:paper":1794,"minecraft:diamond_pickaxe":3,"minecraft:shield":5,"minecraft:compass":1,"sophisticatedbackpacks:diamond_backpack":2,"minecraft:stick":100,"minecraft:stone_slab":6,"minecraft:iron_ingot":267,"minecraft:iron_block":9,"minecraft:gold_ingot":250,"minecraft:fire_charge":3,"hmag:lemon":4,"artifacts:eternal_steak":1,"croptopia:apple_sapling":2,"minecraft:furnace":13,"minecraft:blast_furnace":3,"minecraft:bone_meal":36,"croptopia:lemon_sapling":1,"minecraft:ladder":33,"minecraft:diamond_boots":4,"minecraft:dark_oak_planks":120,"sophisticatedbackpacks:iron_backpack":2,"minecraft:wheat":810,"stalwart_dungeons:tungsten_ingot":4,"minecraft:cooked_beef":13,"paraglider:paraglider":1,"minecraft:diamond_sword":6,"iceandfire:silver_ingot":4,"minecraft:enchanting_table":1,"biomesoplenty:redwood_planks":4,"sophisticatedbackpacks:gold_backpack":2,"minecraft:bucket":3,"minecraft:enchanted_book":12,"minecraft:bread":783,"minecraft:air":0,"minecraft:oak_boat":1,"croptopia:tomato_seed":1,"minecraft:golden_apple":5,"minecraft:raw_gold":18,"minecraft:flint":4,"minecraft:anvil":3,"apotheosis:scrap_tome":8,"minecraft:clay":192,"minecraft:diamond_chestplate":3},"minecraft:killed":{"stalwart_dungeons:awful_ghast":1,"minecraft:spider":3,"grimoireofgaia:minotaurus":3,"minecraft:skeleton":4,"minecraft:silverfish":1,"alexsmobs:straddler":1,"grimoireofgaia:mandragora":2,"grimoireofgaia:flesh_lich":1,"artifacts:mimic":1,"minecraft:piglin":2,"minecraft:pig":2,"grimoireofgaia:bone_knight":1,"stalwart_dungeons:giddy_blaze":5,"cataclysm:deepling_warlock":1,"hmag:wither_ghost":2,"minecraft:creeper":1,"minecraft:sheep":3,"minecraft:pillager":19,"minecraft:zombie":21,"stalwart_dungeons:incomplete_wither":30,"grimoireofgaia:harpy":11,"alexsmobs:fly":2,"iceandfire:sea_serpent":3,"minecraft:cow":8,"alexsmobs:raccoon":2,"minecraft:vindicator":111,"grimoireofgaia:succubus":17,"hmag:drowned_girl":1,"alexsmobs:seagull":1,"minecraft:horse":2,"hmag:zombie_girl":4,"stalwart_dungeons:nether_wart_cocoon":1,"alexsmobs:bison":1,"minecraft:drowned":19,"minecraft:husk":19,"hmag:ghost":1,"cataclysm:the_watcher":1,"stalwart_dungeons:reinforced_blaze":18,"grimoireofgaia:cecaelia":3,"aquaculture:jellyfish":4,"evilcraft:poisonous_libelle":1,"iceandfire:ghost":9,"tombstone:spectral_wolf":1,"goblintraders:vein_goblin_trader":1,"grimoireofgaia:werecat":1,"grimoireofgaia:wither_cow":10,"minecraft:wither_skeleton":1,"minecraft:villager":1,"minecraft:enderman":1},"minecraft:picked_up":{"minecraft:birch_door":1,"minecraft:iron_chestplate":1,"minecraft:wheat":668,"minecraft:chainmail_boots":1,"minecraft:flower_pot":8,"minecraft:lead":2,"minecraft:smithing_table":1,"minecraft:stone_slab":2,"biomesoplenty:orange_autumn_sapling":4,"minecraft:oak_stairs":7,"minecraft:wither_rose":3,"minecraft:enchanted_book":4,"minecraft:nether_brick":9,"croptopia:calamari":3,"minecraft:stone_brick_stairs":2,"minecraft:brewing_stand":1,"minecraft:golden_sword":1,"paraglider:goddess_statue":2,"minecraft:string":6,"cannibal:bone_mask":1,"minecraft:soul_soil":1,"minecraft:raw_copper":33,"minecraft:smooth_stone_slab":1,"minecraft:iron_leggings":1,"minecraft:armor_stand":1,"gobber2:gobber2_glass_nether":4,"minecraft:beetroot":5,"iceandfire:sea_serpent_scales_bronze":4,"biomesoplenty:brimstone":5,"minecraft:gold_nugget":608,"minecraft:cobbled_deepslate":769,"alexsmobs:raccoon_tail":1,"minecraft:melon_slice":6,"biomesoplenty:redwood_wood":1,"minecraft:iron_boots":2,"minecraft:furnace":3,"grimoireofgaia:taproot":2,"iceandfire:pixie_dust":1,"minecraft:beehive":2,"minecraft:stick":14,"apotheosis:gem":60,"iceandfire:ghost_chest":1,"minecraft:composter":7,"minecraft:torch":33,"minecraft:porkchop":11,"tombstone:grave_dust":11,"grimoireofgaia:deco_nest_harpy":1,"stalwart_dungeons:soul_magma_bricks":1,"gobber2:gobber2_foo":7,"minecraft:rotten_flesh":59,"grimoireofgaia:box_nether":2,"iceandfire:fire_dragon_heart":1,"supplementaries:quiver":1,"supplementaries:ash":7,"minecraft:blaze_rod":51,"minecraft:obsidian":14,"minecraft:iron_bars":8,"minecraft:cod":10,"minecraft:cobblestone":707,"minecraft:birch_log":14,"minecraft:magma_block":8,"minecraft:feather":13,"minecraft:lilac":3,"minecraft:potato":5,"minecraft:smoker":1,"biomesoplenty:fir_log":1,"alexsmobs:bison_fur":2,"paraglider:spirit_orb":2,"minecraft:flint":15,"minecraft:tuff":26,"evilcraft:flesh_humanoid":2,"gobber2:gobber2_gooey_bread_nether":2,"croptopia:walnut":2,"minecraft:lapis_lazuli":828,"minecraft:dirt":193,"minecraft:lantern":5,"hmag:evil_crystal_fragment":2,"minecraft:leather_boots":1,"stalwart_dungeons:blaze_armor_scrap":23,"minecraft:bone":23,"gobber2:gobber2_gooey_beef":13,"minecraft:wheat_seeds":260,"minecraft:raw_gold":139,"theoneprobe:probenote":1,"minecraft:grindstone":1,"minecraft:glowstone_dust":131,"evilcraft:dark_ore":6,"minecraft:oak_planks":422,"gobber2:gobber2_gooey_bread":12,"aquaculture:jellyfish":2,"biomesoplenty:toadstool":2,"gobber2:gobber2_rod_nether":6,"minecraft:cooked_porkchop":1,"iceandfire:podium_spruce":1,"patchouli:guide_book":1,"hmag:soul_powder":3,"evilcraft:dark_gem_crushed":42,"minecraft:sand":29,"botanypots:black_glazed_terracotta_hopper_botany_pot":12,"minecraft:grass_block":7,"minecraft:ink_sac":12,"minecraft:dark_oak_log":27,"grimoireofgaia:fireshard":16,"minecraft:barrel":8,"alexsmobs:animal_dictionary":1,"grimoireofgaia:shiny_pearl":2,"minecraft:bundle":3,"minecraft:polished_andesite":1,"minecraft:spruce_fence_gate":1,"minecraft:clay":1,"minecraft:diamond":362,"iceandfire:lectern":3,"grimoireofgaia:withered_brain":9,"minecraft:writable_book":2,"minecraft:granite":3,"minecraft:bread":69,"minecraft:emerald":24,"biomesoplenty:pink_daffodil":9,"minecraft:oak_sapling":11,"minecraft:netherrack":149,"minecraft:oak_leaves":2,"gobber2:gobber2_goo":6,"iceandfire:raw_silver":4,"croptopia:toast":56,"minecraft:charcoal":12,"minecraft:crafting_table":4,"minecraft:azure_bluet":2,"minecraft:chicken":3,"iceandfire:witherbone":1,"minecraft:ladder":25,"minecraft:clay_ball":768,"minecraft:turtle_helmet":1,"minecraft:leather_leggings":3,"minecraft:brown_mushroom":1,"biomesoplenty:flesh":6,"minecraft:gold_block":2,"stalwart_dungeons:soul_bricks":4,"minecraft:chain":1,"minecraft:shield":2,"iceandfire:sea_serpent_scales_blue":10,"minecraft:cornflower":6,"minecraft:oak_trapdoor":12,"minecraft:iron_axe":1,"minecraft:item_frame":4,"minecraft:white_carpet":4,"minecraft:iron_shovel":1,"artifacts:fire_gauntlet":1,"iceandfire:ghost_ingot":1,"iceandfire:graveyard_soil":5,"iceandfire:bestiary":1,"cannibal:fresh_flesh":1,"croptopia:tomato_seed":6,"minecraft:beef":29,"minecraft:oak_boat":1,"minecraft:player_head":1,"minecraft:iron_nugget":42,"minecraft:poppy":1,"minecraft:lectern":8,"minecraft:sugar_cane":15,"minecraft:chest":65,"minecraft:spruce_trapdoor":2,"minecraft:egg":3,"minecraft:stripped_crimson_hyphae":3,"minecraft:raw_iron":219,"minecraft:sandstone":4,"iceandfire:dragonbone":5,"iceandfire:dragonscales_green":20,"minecraft:stone":869,"minecraft:copper_ingot":131,"minecraft:stone_button":1,"minecraft:carrot":11,"minecraft:redstone":175,"minecraft:dark_oak_planks":1,"minecraft:tnt":6,"minecraft:arrow":4,"minecraft:beetroot_seeds":8,"stalwart_dungeons:raw_tungsten":4,"gobber2:gobber2_gooey_beef_nether":6,"iceandfire:chared_dirt":8,"minecraft:hay_block":18,"stalwart_dungeons:tungsten_axe":1,"alexscaves:spelunkery_table":2,"minecraft:gold_ingot":22,"minecraft:mutton":9,"minecraft:white_wool":3,"minecraft:bone_block":3,"minecraft:oxeye_daisy":1,"minecraft:basalt":7,"iceandfire:sea_serpent_fang":9,"minecraft:leather":16,"hmag:reinforcing_chain":1,"hmag:bat_stew":1,"gobber2:gobber2_gooey_beefstew":2,"minecraft:oak_log":102,"iceandfire:ectoplasm":1,"minecraft:golden_boots":1,"minecraft:white_banner":1,"biomesoplenty:glowing_moss_carpet":1,"minecraft:spawner":6,"minecraft:red_carpet":55,"minecraft:gray_carpet":91,"minecraft:apple":3,"iceandfire:pixie_jar_empty":2,"minecraft:kelp":2,"stalwart_dungeons:pusher":71,"minecraft:iron_ingot":128,"minecraft:cobweb":6,"croptopia:tomato":3,"tombstone:bag_of_seeds":1,"gobber2:gobber2_gooey_beefstew_nether":4,"minecraft:iron_sword":2,"minecraft:book":887,"minecraft:oak_slab":20,"iceandfire:chared_stone":2,"minecraft:quartz":119,"minecraft:gravel":59,"stalwart_dungeons:soul_tiles":2,"biomesoplenty:porous_flesh":1,"minecraft:soul_torch":1,"minecraft:blast_furnace":9,"minecraft:white_bed":5,"minecraft:crying_obsidian":3,"biomesoplenty:glowing_moss_block":2,"minecraft:leather_helmet":1,"biomesoplenty:flowering_oak_sapling":1,"biomesoplenty:maple_sapling":17,"minecraft:coal_ore":12,"minecraft:honey_block":1,"minecraft:chainmail_leggings":1,"evilcraft:dark_gem":225,"minecraft:iron_helmet":1,"iceandfire:sea_serpent_scales_red":1,"minecraft:diamond_axe":1,"minecraft:warped_roots":1,"stalwart_dungeons:igniter":18,"minecraft:damaged_anvil":1,"iceandfire:chared_gravel":6,"minecraft:dark_oak_wood":3,"minecraft:coal":356,"minecraft:mangrove_propagule":1,"gobber2:gobber2_goo_nether":3,"minecraft:ender_pearl":1}},"DataVersion":3465}