{"stats":{"minecraft:broken":{"minecraft:diamond_helmet":1,"minecraft:iron_boots":1,"minecraft:diamond_leggings":2,"minecraft:shield":3,"minecraft:iron_helmet":1,"minecraft:diamond_boots":2,"minecraft:diamond_chestplate":1,"iceandfire:tide_blue_helmet":1},"minecraft:custom":{"minecraft:interact_with_crafting_table":140,"minecraft:open_barrel":131,"goblintraders:trade_with_goblin":74,"minecraft:eat_cake_slice":1,"minecraft:leave_game":15,"minecraft:time_since_death":20568,"minecraft:damage_blocked_by_shield":15123,"minecraft:play_time":1440449,"minecraft:deaths":57,"minecraft:jump":12259,"minecraft:enchant_item":51,"minecraft:interact_with_furnace":183,"minecraft:traded_with_villager":236,"minecraft:sleep_in_bed":20,"minecraft:damage_dealt":106850,"tombstone:undead_killed":422,"minecraft:interact_with_smoker":56,"minecraft:interact_with_smithing_table":3,"minecraft:interact_with_anvil":52,"minecraft:inspect_hopper":1,"minecraft:damage_dealt_absorbed":57,"minecraft:sneak_time":25287,"minecraft:interact_with_blast_furnace":151,"minecraft:total_world_time":1440449,"tombstone:raider_killed":228,"minecraft:interact_with_stonecutter":1,"tombstone:pray_on_grave":1,"minecraft:time_since_rest":20333,"minecraft:use_wand":144,"minecraft:swim_one_cm":562703,"minecraft:fly_one_cm":3061185,"minecraft:open_chest":1445,"minecraft:fall_one_cm":283275,"minecraft:animals_bred":2,"minecraft:damage_resisted":12,"minecraft:sprint_one_cm":3158282,"minecraft:drop":428,"minecraft:talked_to_villager":101,"minecraft:interact_with_brewingstand":2,"minecraft:walk_on_water_one_cm":246717,"minecraft:interact_with_loom":2,"minecraft:crouch_one_cm":28376,"tombstone:villager_killed":1,"minecraft:mob_kills":808,"minecraft:damage_dealt_resisted":354,"minecraft:climb_one_cm":154205,"minecraft:walk_one_cm":4057321,"minecraft:walk_under_water_one_cm":178589,"minecraft:boat_one_cm":482186,"minecraft:interact_with_grindstone":4,"minecraft:damage_taken":2147483647,"minecraft:damage_absorbed":40,"minecraft:trigger_trapped_chest":5},"minecraft:killed_by":{"grimoireofgaia:arachne":1,"grimoireofgaia:minotaurus":4,"minecraft:zombie":3,"stalwart_dungeons:incomplete_wither":3,"minecraft:husk":5,"grimoireofgaia:succubus":1,"grimoireofgaia:flesh_lich":2,"grimoireofgaia:minotaur":3,"man:managgresive":2,"grimoireofgaia:cecaelia":8,"grimoireofgaia:bone_knight":5,"minecraft:cave_spider":1,"grimoireofgaia:wither_cow":1,"stalwart_dungeons:reinforced_blaze":5,"iceandfire:fire_dragon":2,"minecraft:player":1,"iceandfire:gorgon":1,"minecraft:skeleton":1},"minecraft:killed":{"minecraft:cave_spider":4,"minecraft:skeleton":9,"alexsmobs:straddler":1,"grimoireofgaia:flesh_lich":5,"stalwart_dungeons:giddy_blaze":5,"minecraft:pillager":19,"minecraft:zombie":40,"stalwart_dungeons:incomplete_wither":301,"iceandfire:sea_serpent":3,"minecraft:cow":11,"alexsmobs:raccoon":2,"minecraft:vindicator":209,"alexsmobs:seagull":1,"minecraft:horse":2,"hmag:zombie_girl":5,"stalwart_dungeons:nether_wart_cocoon":1,"minecraft:husk":21,"cataclysm:the_watcher":1,"evilcraft:poisonous_libelle":1,"iceandfire:ghost":9,"goblintraders:vein_goblin_trader":1,"minecraft:enderman":1,"evilcraft:netherfish":2,"stalwart_dungeons:awful_ghast":1,"minecraft:spider":19,"grimoireofgaia:minotaurus":3,"minecraft:silverfish":1,"grimoireofgaia:mandragora":2,"artifacts:mimic":1,"minecraft:piglin":3,"minecraft:pig":2,"grimoireofgaia:bone_knight":5,"cataclysm:deepling_warlock":1,"hmag:wither_ghost":2,"minecraft:creeper":1,"minecraft:sheep":3,"grimoireofgaia:harpy":12,"alexsmobs:fly":2,"grimoireofgaia:succubus":17,"hmag:drowned_girl":1,"alexsmobs:bison":1,"minecraft:drowned":19,"hmag:ghost":3,"stalwart_dungeons:reinforced_blaze":18,"grimoireofgaia:cecaelia":3,"aquaculture:jellyfish":4,"grimoireofgaia:arachne":1,"tombstone:spectral_wolf":1,"grimoireofgaia:werecat":1,"grimoireofgaia:wither_cow":10,"minecraft:wither_skeleton":1,"minecraft:villager":1},"minecraft:crafted":{"minecraft:smooth_stone":80,"minecraft:blaze_powder":6,"croptopia:toast":800,"minecraft:diamond_shovel":2,"minecraft:bookshelf":34,"minecraft:cracked_stone_bricks":31,"minecraft:iron_bars":16,"minecraft:glass":5,"minecraft:diamond_helmet":3,"minecraft:diamond_leggings":5,"explorerscompass:explorerscompass":3,"stalwart_dungeons:tungsten_sword":3,"minecraft:emerald":216,"minecraft:diamond_axe":3,"minecraft:copper_ingot":100,"minecraft:hay_block":75,"iceandfire:armor_green_chestplate":1,"tombstone:white_marble":16,"minecraft:iron_pickaxe":6,"minecraft:stone_slab":6,"minecraft:compass":3,"minecraft:iron_block":15,"minecraft:gold_ingot":285,"minecraft:netherite_ingot":1,"minecraft:fire_charge":3,"hmag:lemon":4,"minecraft:bone_meal":150,"minecraft:ladder":33,"evilcraft:darkened_apple":2,"minecraft:diamond_boots":5,"minecraft:dark_oak_planks":120,"minecraft:wheat":810,"minecraft:enchanting_table":1,"biomesoplenty:redwood_planks":4,"sophisticatedbackpacks:gold_backpack":2,"minecraft:enchanted_book":22,"minecraft:golden_apple":5,"minecraft:flint":4,"minecraft:oak_planks":312,"minecraft:stone":48,"minecraft:hopper":14,"iceandfire:armor_green_helmet":2,"minecraft:chest":17,"minecraft:stone_bricks":80,"sophisticatedbackpacks:backpack":3,"minecraft:crafting_table":9,"iceandfire:blindfold":2,"minecraft:spruce_planks":28,"minecraft:birch_planks":52,"minecraft:apple":4,"iceandfire:tide_blue_helmet":1,"minecraft:paper":1794,"minecraft:diamond_pickaxe":7,"minecraft:shield":5,"minecraft:stick":160,"sophisticatedbackpacks:diamond_backpack":2,"minecraft:iron_ingot":561,"artifacts:eternal_steak":1,"croptopia:apple_sapling":2,"minecraft:furnace":13,"minecraft:blast_furnace":3,"croptopia:lemon_sapling":1,"minecraft:netherite_scrap":25,"sophisticatedbackpacks:iron_backpack":2,"stalwart_dungeons:tungsten_ingot":4,"minecraft:cooked_beef":13,"paraglider:paraglider":2,"minecraft:diamond_sword":7,"iceandfire:silver_ingot":4,"minecraft:iron_sword":6,"tombstone:ankh_of_pray":1,"minecraft:bucket":4,"minecraft:bread":783,"minecraft:air":0,"tombstone:decorative_grave_cross":1,"minecraft:oak_boat":1,"croptopia:tomato_seed":1,"minecraft:raw_gold":18,"minecraft:anvil":5,"apotheosis:scrap_tome":8,"minecraft:clay":192,"minecraft:diamond_chestplate":4},"minecraft:used":{"iceandfire:lectern":3,"minecraft:ladder":57,"minecraft:chest":68,"minecraft:stone":323,"minecraft:spruce_boat":2,"cataclysm:infernal_forge":1973,"minecraft:lava_bucket":1,"minecraft:furnace":6,"artifacts:eternal_steak":35,"minecraft:composter":5,"minecraft:golden_apple":1,"minecraft:sand":20,"minecraft:blast_furnace":14,"minecraft:lectern":7,"biomesoplenty:glowing_moss_carpet":1,"minecraft:lilac":1,"minecraft:diamond_sword":1305,"minecraft:smithing_table":1,"minecraft:oak_boat":2,"minecraft:oak_trapdoor":1,"minecraft:enchanting_table":1,"minecraft:iron_bars":5,"botanypots:black_glazed_terracotta_hopper_botany_pot":12,"stalwart_dungeons:reinforced_blaze_spawn_egg":1,"minecraft:netherrack":51,"minecraft:stick":1,"minecraft:torch":52,"minecraft:brewing_stand":1,"minecraft:anvil":7,"minecraft:nether_quartz_ore":5,"tombstone:ankh_of_pray":6,"minecraft:spawner":11,"stalwart_dungeons:tungsten_axe":140,"minecraft:barrel":9,"minecraft:basalt":1,"minecraft:glowstone":3,"constructionwand:diamond_wand":16,"biomesoplenty:blood_bucket":1,"cataclysm:the_watcher_spawn_egg":1,"tombstone:gift":9,"minecraft:cobbled_deepslate":2,"minecraft:water_bucket":31,"minecraft:cracked_stone_bricks":3,"minecraft:crafting_table":12,"minecraft:white_bed":5,"stalwart_dungeons:giddy_blaze_spawn_egg":1,"minecraft:diamond_pickaxe":6743,"minecraft:oxeye_daisy":1,"minecraft:diamond_shovel":310,"tombstone:tablet_of_assistance":6,"minecraft:iron_pickaxe":120,"stalwart_dungeons:tungsten_sword":867,"minecraft:cobblestone":59,"biomesoplenty:fir_log":1,"stalwart_dungeons:pusher":156,"grimoireofgaia:bone_shield":3,"stalwart_dungeons:awful_ghast_spawn_egg":1,"minecraft:shield":262,"minecraft:iron_chestplate":1,"paraglider:goddess_statue":2,"minecraft:carrot":3,"minecraft:obsidian":5,"sophisticatedbackpacks:diamond_backpack":1,"minecraft:glass":8,"minecraft:coal_ore":12,"tombstone:tablet_of_cupidity":1,"minecraft:lantern":5,"minecraft:stone_bricks":3,"minecraft:item_frame":3,"minecraft:bedrock":2,"minecraft:red_carpet":55,"minecraft:magma_block":7,"minecraft:hay_block":1,"iceandfire:pixie_jar_empty":3,"minecraft:wither_skeleton_skull":8,"minecraft:gray_carpet":39,"minecraft:oak_planks":182,"tombstone:decorative_grave_cross":2,"minecraft:diamond_axe":797,"iceandfire:podium_spruce":1,"stalwart_dungeons:nether_keeper_spawn_egg":1,"minecraft:string":1,"tombstone:grave_key":4,"croptopia:toast":244,"minecraft:grindstone":1,"minecraft:bone_meal":8,"stalwart_dungeons:incomplete_wither_spawn_egg":9,"minecraft:cobweb":10,"evilcraft:dark_ore":6,"minecraft:netherite_sword":95,"minecraft:flint_and_steel":1,"biomesoplenty:glowing_moss_block":2,"minecraft:dirt":31,"minecraft:hopper":13,"minecraft:diamond_helmet":1,"minecraft:dark_oak_planks":1,"cataclysm:deepling_warlock_spawn_egg":1,"minecraft:bookshelf":34,"minecraft:iron_boots":1,"alexscaves:spelunkery_table":3,"minecraft:iron_leggings":1,"tombstone:scroll_of_knowledge":1,"minecraft:polished_andesite":218,"tombstone:tablet_of_home":7,"minecraft:smoker":2,"tombstone:bag_of_seeds":6,"biomesoplenty:pink_daffodil":7,"minecraft:stone_slab":6,"croptopia:tomato_seed":1,"iceandfire:chared_gravel":6,"minecraft:stripped_crimson_hyphae":1,"minecraft:bucket":37,"minecraft:smooth_stone":4,"minecraft:soul_torch":1},"minecraft:mined":{"minecraft:white_bed":5,"minecraft:jungle_leaves":1,"biomesoplenty:brimstone":11,"minecraft:obsidian":14,"minecraft:granite":3,"biomesoplenty:eyebulb":2,"minecraft:oxeye_daisy":1,"minecraft:spawner":25,"minecraft:tall_seagrass":1,"minecraft:magma_block":11,"minecraft:fire":1,"minecraft:barrel":8,"minecraft:deepslate_lapis_ore":32,"iceandfire:gold_pile":23,"minecraft:oak_sign":1,"minecraft:dirt_path":1,"minecraft:oak_stairs":7,"stalwart_dungeons:soul_magma_bricks":1,"minecraft:player_head":1,"minecraft:tripwire":1,"minecraft:brown_mushroom":1,"minecraft:smoker":1,"minecraft:torch":1,"minecraft:dark_oak_wood":3,"minecraft:blast_furnace":11,"minecraft:melon":2,"gobber2:gobber2_lucky_block_nether":34,"minecraft:glass":1,"minecraft:sugar_cane":9,"minecraft:damaged_anvil":1,"minecraft:chain":1,"minecraft:wheat":9,"minecraft:lilac":2,"minecraft:birch_door":1,"minecraft:potted_poppy":1,"minecraft:wither_rose":1,"minecraft:stone_brick_stairs":2,"minecraft:grass":1951,"stalwart_dungeons:pusher":75,"minecraft:smooth_basalt":1,"minecraft:deepslate":1185,"biomesoplenty:reed":4,"minecraft:suspicious_gravel":4,"minecraft:infested_deepslate":1,"iceandfire:silver_ore":4,"minecraft:mossy_cobblestone":1,"stalwart_dungeons:soul_bricks":8,"minecraft:kelp":4,"minecraft:redstone_ore":3,"iceandfire:chared_gravel":6,"biomesoplenty:flesh":13,"biomesoplenty:high_grass":1634,"minecraft:vine":6,"iceandfire:podium_spruce":1,"minecraft:bone_block":3,"minecraft:cake":1,"minecraft:smithing_table":1,"biomesoplenty:porous_flesh":1,"minecraft:oak_slab":15,"minecraft:campfire":6,"biomesoplenty:high_grass_plant":3069,"minecraft:tall_grass":214,"minecraft:copper_ore":11,"minecraft:deepslate_gold_ore":68,"stalwart_dungeons:tungsten_ore":1,"minecraft:coarse_dirt":2,"minecraft:white_carpet":3,"stalwart_dungeons:igniter":20,"minecraft:sunflower":1,"minecraft:gravel":89,"minecraft:cobweb":61,"minecraft:spruce_fence_gate":1,"minecraft:stone_bricks":5,"minecraft:gold_ore":20,"minecraft:fern":63,"minecraft:infested_stone":1,"iceandfire:graveyard_soil":5,"minecraft:brewing_stand":1,"minecraft:stripped_crimson_hyphae":4,"minecraft:grass_block":49,"minecraft:potted_mangrove_propagule":1,"gobber2:gobber2_lucky_block":115,"biomesoplenty:flowering_oak_leaves":5,"iceandfire:lectern":3,"minecraft:soul_soil":1,"minecraft:composter":6,"biomesoplenty:pus_bubble":1,"minecraft:glowstone":30,"minecraft:iron_ore":186,"minecraft:anvil":2,"minecraft:azure_bluet":1,"supplementaries:stick":1,"minecraft:iron_bars":4,"minecraft:potted_cornflower":3,"minecraft:deepslate_redstone_ore":10,"minecraft:blackstone":31,"biomesoplenty:glowing_moss_carpet":1,"stalwart_dungeons:soul_tiles":2,"minecraft:calcite":1,"iceandfire:ghost_chest":1,"minecraft:chest":65,"minecraft:nether_quartz_ore":50,"minecraft:cobblestone":12,"minecraft:grindstone":1,"minecraft:oak_planks":98,"botanypots:black_glazed_terracotta_hopper_botany_pot":12,"minecraft:wall_torch":18,"minecraft:warped_nylium":14,"evilcraft:dark_ore_deepslate":7,"biomesoplenty:hair":1,"minecraft:tnt":6,"biomesoplenty:fir_log":1,"minecraft:smooth_stone_slab":1,"biomesoplenty:clover":32,"tombstone:decorative_grave_cross":1,"minecraft:sand":19,"minecraft:dirt":136,"minecraft:wither_skeleton_skull":2,"minecraft:ancient_debris":25,"minecraft:netherrack":1654,"minecraft:oak_leaves":15,"iceandfire:chared_stone":1,"biomesoplenty:glowing_moss_block":2,"minecraft:nether_gold_ore":43,"alexscaves:spelunkery_table":2,"minecraft:diamond_ore":1,"minecraft:crying_obsidian":3,"minecraft:red_carpet":56,"minecraft:tuff":29,"minecraft:deepslate_diamond_ore":123,"minecraft:ladder":24,"biomesoplenty:bush":14,"minecraft:stone_button":1,"iceandfire:chared_dirt":2,"minecraft:sandstone":4,"minecraft:hay_block":20,"minecraft:oak_trapdoor":11,"minecraft:furnace":3,"minecraft:carrots":1,"biomesoplenty:toadstool":2,"minecraft:nether_sprouts":1,"evilcraft:dark_ore":29,"minecraft:gold_block":2,"minecraft:bookshelf":274,"minecraft:deepslate_iron_ore":67,"minecraft:lantern":2,"minecraft:stone":1823,"iceandfire:pixie_jar_empty":3,"minecraft:basalt":5,"supplementaries:ashen_basalt":1,"minecraft:crafting_table":4,"minecraft:honey_block":1,"minecraft:lectern":8,"minecraft:stone_slab":1,"biomesoplenty:sprout":6,"biomesoplenty:huge_clover_petal":152,"minecraft:lapis_ore":27,"supplementaries:urn":14,"minecraft:beehive":2,"biomesoplenty:pink_daffodil":23,"evilcraft:infested_nether_netherrack":2,"gobber2:gobber2_lucky_block_deepslate":19,"minecraft:potted_azure_bluet":1,"minecraft:coal_ore":291,"minecraft:gray_carpet":65,"minecraft:cracked_stone_bricks":2,"minecraft:polished_andesite":3,"minecraft:mossy_stone_bricks":1,"biomesoplenty:redwood_wood":2,"paraglider:goddess_statue":2},"minecraft:picked_up":{"minecraft:iron_chestplate":2,"minecraft:birch_door":1,"minecraft:chainmail_boots":1,"minecraft:anvil":2,"minecraft:flower_pot":8,"minecraft:lead":2,"minecraft:smithing_table":1,"minecraft:stone_slab":2,"biomesoplenty:orange_autumn_sapling":4,"minecraft:oak_stairs":7,"minecraft:wither_rose":3,"minecraft:enchanted_book":4,"croptopia:calamari":4,"minecraft:brewing_stand":1,"minecraft:golden_sword":1,"paraglider:goddess_statue":2,"minecraft:string":86,"cannibal:bone_mask":1,"minecraft:soul_soil":1,"gobber2:gobber2_glass_nether":4,"minecraft:beetroot":5,"minecraft:gold_nugget":771,"minecraft:cobbled_deepslate":818,"minecraft:enchanted_golden_apple":1,"biomesoplenty:redwood_wood":1,"minecraft:melon_slice":6,"grimoireofgaia:taproot":2,"minecraft:beehive":2,"minecraft:composter":7,"stalwart_dungeons:soul_magma_bricks":1,"grimoireofgaia:box_nether":2,"iceandfire:fire_dragon_heart":1,"supplementaries:quiver":1,"supplementaries:ash":9,"minecraft:blaze_rod":51,"minecraft:iron_bars":8,"minecraft:birch_log":14,"minecraft:magma_block":11,"minecraft:feather":14,"minecraft:smoker":2,"biomesoplenty:fir_log":1,"alexsmobs:bison_fur":2,"minecraft:flint":19,"gobber2:gobber2_gooey_bread_nether":3,"minecraft:lantern":5,"artifacts:shock_pendant":1,"stalwart_dungeons:blaze_armor_scrap":23,"minecraft:diamond_helmet":1,"minecraft:glowstone_dust":131,"aquaculture:jellyfish":2,"grimoireofgaia:box_overworld":1,"patchouli:guide_book":1,"minecraft:ink_sac":14,"minecraft:barrel":8,"grimoireofgaia:fireshard":16,"minecraft:dark_oak_log":27,"alexsmobs:animal_dictionary":1,"minecraft:bundle":3,"minecraft:polished_andesite":3,"iceandfire:lectern":3,"minecraft:writable_book":2,"minecraft:granite":3,"minecraft:chainmail_helmet":1,"minecraft:bread":69,"iceandfire:gorgon_head":2,"minecraft:diamond_pickaxe":2,"iceandfire:raw_silver":4,"croptopia:toast":56,"minecraft:crafting_table":4,"minecraft:coarse_dirt":2,"iceandfire:witherbone":1,"minecraft:clay_ball":768,"minecraft:leather_leggings":3,"iceandfire:sea_serpent_scales_blue":10,"minecraft:cornflower":6,"minecraft:white_carpet":4,"minecraft:iron_shovel":1,"iceandfire:ghost_ingot":1,"minecraft:cracked_stone_bricks":5,"iceandfire:graveyard_soil":5,"iceandfire:bestiary":1,"minecraft:beef":39,"minecraft:poppy":1,"minecraft:iron_nugget":43,"minecraft:chest":65,"minecraft:egg":3,"minecraft:sandstone":4,"minecraft:stone":869,"sophisticatedbackpacks:backpack":2,"minecraft:carrot":23,"minecraft:redstone":187,"minecraft:tnt":6,"minecraft:beetroot_seeds":8,"gobber2:gobber2_gooey_beef_nether":8,"minecraft:hay_block":21,"stalwart_dungeons:tungsten_axe":4,"tombstone:essence_of_undeath":2,"minecraft:gold_ingot":22,"minecraft:mutton":9,"minecraft:bone_block":3,"minecraft:white_wool":3,"minecraft:oxeye_daisy":1,"iceandfire:sea_serpent_fang":9,"hmag:reinforcing_chain":1,"hmag:bat_stew":1,"croptopia:glowing_calamari":1,"grimoireofgaia:bone_shield":2,"minecraft:oak_log":102,"minecraft:ancient_debris":25,"minecraft:golden_boots":1,"minecraft:white_banner":1,"biomesoplenty:glowing_moss_carpet":1,"minecraft:spawner":12,"minecraft:apple":3,"minecraft:stone_bricks":9,"iceandfire:pixie_jar_empty":3,"minecraft:kelp":2,"minecraft:stone_pickaxe":2,"minecraft:iron_ore":1,"minecraft:cobweb":6,"tombstone:bag_of_seeds":2,"croptopia:tomato":3,"gobber2:gobber2_gooey_beefstew_nether":5,"minecraft:iron_sword":2,"iceandfire:chared_stone":2,"minecraft:gravel":68,"minecraft:crying_obsidian":3,"minecraft:leather_helmet":1,"biomesoplenty:flowering_oak_sapling":1,"biomesoplenty:maple_sapling":17,"minecraft:coal_ore":12,"minecraft:diamond_axe":1,"minecraft:warped_roots":1,"gobber2:gobber2_goo_nether":6,"minecraft:mangrove_propagule":1,"minecraft:ender_pearl":1,"minecraft:wheat":672,"minecraft:redstone_block":1,"minecraft:nether_brick":9,"minecraft:stone_brick_stairs":2,"minecraft:raw_copper":59,"minecraft:smooth_stone_slab":1,"minecraft:iron_leggings":3,"minecraft:armor_stand":1,"minecraft:netherite_ingot":1,"minecraft:zombie_head":1,"iceandfire:sea_serpent_scales_bronze":4,"minecraft:oak_sign":1,"biomesoplenty:brimstone":5,"alexsmobs:raccoon_tail":1,"minecraft:furnace":3,"minecraft:iron_boots":3,"iceandfire:pixie_dust":1,"minecraft:stick":15,"iceandfire:ghost_chest":1,"apotheosis:gem":70,"minecraft:torch":49,"minecraft:porkchop":15,"tombstone:grave_dust":26,"grimoireofgaia:deco_nest_harpy":1,"gobber2:gobber2_foo":13,"minecraft:nether_gold_ore":2,"minecraft:rotten_flesh":78,"supplementaries:antique_ink":1,"minecraft:obsidian":14,"minecraft:cod":10,"minecraft:cobblestone":1288,"minecraft:lilac":3,"minecraft:potato":5,"paraglider:spirit_orb":2,"minecraft:tuff":26,"evilcraft:flesh_humanoid":3,"croptopia:walnut":2,"minecraft:wither_skeleton_skull":5,"minecraft:lapis_lazuli":831,"minecraft:dirt":210,"hmag:evil_crystal_fragment":2,"minecraft:leather_boots":1,"minecraft:bone":71,"gobber2:gobber2_gooey_beef":33,"minecraft:wheat_seeds":300,"minecraft:raw_gold":170,"minecraft:grindstone":1,"theoneprobe:probenote":1,"evilcraft:dark_ore":6,"minecraft:oak_planks":426,"gobber2:gobber2_gooey_bread":42,"biomesoplenty:toadstool":2,"gobber2:gobber2_rod_nether":7,"minecraft:cooked_porkchop":1,"iceandfire:podium_spruce":1,"hmag:soul_powder":4,"evilcraft:dark_gem_crushed":100,"minecraft:sand":36,"minecraft:grass_block":7,"botanypots:black_glazed_terracotta_hopper_botany_pot":12,"grimoireofgaia:shiny_pearl":2,"minecraft:spruce_fence_gate":1,"minecraft:clay":1,"minecraft:diamond":376,"minecraft:spruce_boat":2,"grimoireofgaia:withered_brain":9,"minecraft:emerald":44,"minecraft:oak_sapling":11,"biomesoplenty:pink_daffodil":12,"minecraft:netherrack":1530,"gobber2:gobber2_goo":34,"minecraft:oak_leaves":2,"minecraft:azure_bluet":2,"minecraft:charcoal":12,"minecraft:chicken":3,"minecraft:ladder":25,"minecraft:turtle_helmet":1,"biomesoplenty:flesh":13,"minecraft:brown_mushroom":1,"minecraft:gold_block":2,"stalwart_dungeons:soul_bricks":4,"minecraft:chain":1,"minecraft:shield":2,"minecraft:oak_trapdoor":12,"minecraft:iron_axe":1,"minecraft:item_frame":4,"minecraft:blackstone":30,"artifacts:fire_gauntlet":1,"cannibal:fresh_flesh":1,"croptopia:tomato_seed":6,"minecraft:oak_boat":1,"minecraft:player_head":2,"minecraft:lectern":8,"tombstone:tablet_of_assistance":1,"minecraft:sugar_cane":85,"minecraft:spruce_trapdoor":2,"minecraft:raw_iron":489,"minecraft:stripped_crimson_hyphae":3,"iceandfire:dragonbone":5,"iceandfire:dragonscales_green":20,"minecraft:copper_ingot":131,"evilcraft:origins_of_darkness":1,"minecraft:stone_button":1,"minecraft:dark_oak_planks":1,"minecraft:arrow":19,"stalwart_dungeons:raw_tungsten":4,"iceandfire:chared_dirt":8,"alexscaves:spelunkery_table":2,"minecraft:skeleton_skull":1,"minecraft:basalt":7,"hmag:purification_cloth":2,"minecraft:glow_ink_sac":1,"gobber2:gobber2_gooey_beefstew":10,"minecraft:leather":25,"iceandfire:ectoplasm":1,"minecraft:gunpowder":14,"tombstone:decorative_grave_cross":1,"minecraft:red_carpet":55,"minecraft:gray_carpet":91,"stalwart_dungeons:pusher":71,"minecraft:iron_ingot":129,"minecraft:book":887,"minecraft:oak_slab":20,"minecraft:nether_quartz_ore":5,"minecraft:pumpkin":1,"minecraft:quartz":126,"stalwart_dungeons:soul_tiles":2,"biomesoplenty:porous_flesh":1,"minecraft:soul_torch":1,"minecraft:blast_furnace":11,"minecraft:white_bed":5,"biomesoplenty:glowing_moss_block":2,"minecraft:spider_eye":13,"minecraft:chainmail_leggings":2,"minecraft:honey_block":1,"evilcraft:dark_gem":327,"minecraft:iron_helmet":2,"iceandfire:sea_serpent_scales_red":1,"stalwart_dungeons:igniter":18,"tombstone:magic_scroll":3,"minecraft:damaged_anvil":1,"minecraft:dark_oak_wood":3,"minecraft:coal":725,"iceandfire:chared_gravel":6},"minecraft:dropped":{"iceandfire:chared_stone":3,"minecraft:clay":1,"minecraft:iron_sword":3,"minecraft:porkchop":4,"minecraft:lapis_lazuli":1,"minecraft:glow_ink_sac":4,"minecraft:diamond":92,"minecraft:crossbow":1,"minecraft:warped_roots":1,"tombstone:tablet_of_assistance":1,"iceandfire:ectoplasm":1,"minecraft:cracked_stone_bricks":1,"minecraft:leather_helmet":1,"minecraft:item_frame":1,"minecraft:dirt":8,"iceandfire:blindfold":1,"minecraft:gold_nugget":20,"minecraft:sand":4,"minecraft:iron_pickaxe":1,"stalwart_dungeons:tungsten_sword":1,"minecraft:dark_oak_planks":1,"minecraft:bone":27,"biomesoplenty:toadstool":1,"minecraft:iron_nugget":6,"croptopia:toast":184,"minecraft:cobbled_deepslate":194,"minecraft:nether_brick":2,"minecraft:netherite_sword":1,"minecraft:rotten_flesh":9,"minecraft:golden_shovel":1,"evilcraft:flesh_humanoid":6,"iceandfire:ghost_chest":1,"minecraft:leather_boots":2,"apotheosis:gem":5,"minecraft:leather_leggings":1,"minecraft:beef":1,"cataclysm:infernal_forge":1,"minecraft:stone_brick_stairs":1,"minecraft:enchanted_book":5,"minecraft:wheat_seeds":111,"hmag:cureberry":5,"minecraft:feather":2,"minecraft:cobblestone":347,"minecraft:book":1,"minecraft:chainmail_helmet":2,"minecraft:coal":4,"stalwart_dungeons:soul_bricks":4,"minecraft:ink_sac":5,"iceandfire:armor_green_chestplate":1,"grimoireofgaia:taproot":2,"minecraft:diamond_helmet":2,"minecraft:pumpkin":1,"minecraft:chainmail_leggings":1,"minecraft:iron_shovel":1,"hmag:soul_powder":1,"minecraft:soul_soil":1,"minecraft:netherite_ingot":1,"minecraft:smooth_stone_slab":1,"iceandfire:armor_green_helmet":2,"minecraft:iron_boots":2,"sophisticatedbackpacks:backpack":3,"minecraft:stone_slab":1,"evilcraft:origins_of_darkness":1,"minecraft:oak_sign":1,"minecraft:diamond_sword":5,"minecraft:flower_pot":2,"minecraft:spruce_trapdoor":2,"minecraft:bundle":1,"minecraft:diamond_pickaxe":5,"minecraft:stone_bricks":4,"minecraft:sandstone":4,"minecraft:brown_mushroom":1,"biomesoplenty:pink_daffodil":2,"minecraft:diamond_axe":1,"grimoireofgaia:withered_brain":5,"iceandfire:chared_dirt":14,"iceandfire:gorgon_head":1,"iceandfire:graveyard_soil":5,"minecraft:flint":8,"croptopia:walnut":2,"hmag:purification_cloth":2,"minecraft:cornflower":2,"croptopia:calamari":1,"minecraft:birch_log":1,"minecraft:gravel":6,"minecraft:diamond_shovel":1,"minecraft:carrot":12,"croptopia:apple_sapling":8,"supplementaries:ash":14,"minecraft:glowstone":1,"minecraft:birch_door":1,"minecraft:chainmail_boots":1,"minecraft:iron_ore":1,"minecraft:arrow":5,"minecraft:oak_leaves":2,"minecraft:netherrack":67,"minecraft:spawner":3,"minecraft:oak_slab":2,"minecraft:lilac":1,"minecraft:diamond_leggings":3,"grimoireofgaia:shiny_pearl":2,"minecraft:grass_block":2,"minecraft:stick":2,"minecraft:spruce_fence_gate":1,"minecraft:nether_gold_ore":2,"tombstone:magic_scroll":2,"minecraft:torch":7,"minecraft:zombie_head":1,"tombstone:grave_dust":1,"minecraft:iron_leggings":1,"minecraft:wither_rose":3,"minecraft:iron_axe":2,"croptopia:glowing_calamari":2,"minecraft:redstone":1,"minecraft:kelp":2,"minecraft:oak_trapdoor":4,"minecraft:coarse_dirt":2,"minecraft:composter":1,"grimoireofgaia:bone_shield":1,"minecraft:filled_map":1,"minecraft:copper_ore":4,"minecraft:shield":4,"minecraft:diamond_chestplate":2,"minecraft:iron_chestplate":1,"stalwart_dungeons:tungsten_axe":1,"minecraft:diamond_boots":3,"minecraft:stone_pickaxe":2}},"DataVersion":3465}