{"stats":{"minecraft:picked_up":{"croptopia:toast":36,"minecraft:crafting_table":3,"minecraft:wheat":661,"minecraft:ladder":25,"minecraft:azure_bluet":1,"minecraft:leather_leggings":1,"minecraft:flower_pot":8,"minecraft:clay_ball":768,"minecraft:turtle_helmet":1,"minecraft:smithing_table":1,"minecraft:stone_slab":2,"minecraft:oak_stairs":7,"minecraft:enchanted_book":3,"croptopia:calamari":2,"minecraft:oak_trapdoor":5,"minecraft:brewing_stand":1,"minecraft:smooth_stone_slab":1,"minecraft:iron_leggings":1,"minecraft:armor_stand":1,"minecraft:cornflower":6,"paraglider:goddess_statue":2,"minecraft:string":2,"minecraft:beetroot":5,"minecraft:raw_copper":33,"minecraft:iron_axe":1,"minecraft:item_frame":4,"minecraft:white_carpet":4,"artifacts:fire_gauntlet":1,"iceandfire:bestiary":1,"minecraft:gold_nugget":3,"minecraft:beef":10,"minecraft:iron_nugget":3,"minecraft:poppy":1,"alexsmobs:raccoon_tail":1,"minecraft:lectern":8,"minecraft:melon_slice":6,"minecraft:sugar_cane":4,"minecraft:chest":65,"minecraft:furnace":3,"minecraft:iron_boots":1,"minecraft:stone":847,"iceandfire:pixie_dust":1,"minecraft:stripped_crimson_hyphae":2,"minecraft:raw_iron":23,"apotheosis:gem":10,"iceandfire:ghost_chest":1,"minecraft:composter":7,"minecraft:copper_ingot":128,"minecraft:torch":24,"minecraft:stone_button":1,"tombstone:grave_dust":2,"minecraft:carrot":6,"minecraft:redstone":128,"gobber2:gobber2_foo":1,"minecraft:tnt":4,"minecraft:rotten_flesh":5,"minecraft:beetroot_seeds":8,"alexscaves:spelunkery_table":2,"minecraft:gold_ingot":1,"minecraft:iron_bars":8,"minecraft:cod":7,"minecraft:cobblestone":370,"minecraft:oxeye_daisy":1,"minecraft:feather":3,"minecraft:lilac":2,"hmag:bat_stew":1,"minecraft:leather":2,"minecraft:smoker":1,"minecraft:potato":5,"minecraft:flint":5,"evilcraft:flesh_humanoid":1,"minecraft:lapis_lazuli":165,"minecraft:dirt":160,"minecraft:lantern":4,"minecraft:spawner":1,"minecraft:red_carpet":52,"minecraft:gray_carpet":57,"iceandfire:pixie_jar_empty":2,"gobber2:gobber2_gooey_beef":3,"minecraft:wheat_seeds":148,"minecraft:raw_gold":6,"theoneprobe:probenote":1,"minecraft:iron_ingot":128,"evilcraft:dark_ore":6,"minecraft:oak_planks":413,"gobber2:gobber2_gooey_bread":1,"minecraft:book":829,"biomesoplenty:toadstool":2,"minecraft:oak_slab":19,"iceandfire:podium_spruce":1,"patchouli:guide_book":1,"minecraft:gravel":35,"evilcraft:dark_gem_crushed":16,"minecraft:grass_block":5,"minecraft:blast_furnace":7,"minecraft:ink_sac":8,"minecraft:white_bed":5,"botanypots:black_glazed_terracotta_hopper_botany_pot":12,"minecraft:barrel":8,"alexsmobs:animal_dictionary":1,"minecraft:polished_andesite":1,"minecraft:spruce_fence_gate":1,"minecraft:diamond":50,"iceandfire:lectern":3,"minecraft:writable_book":1,"minecraft:chainmail_leggings":1,"minecraft:iron_helmet":1,"evilcraft:dark_gem":171,"minecraft:granite":3,"minecraft:emerald":18,"minecraft:bread":69,"gobber2:gobber2_goo":2,"biomesoplenty:pink_daffodil":4,"iceandfire:raw_silver":4,"minecraft:mangrove_propagule":1,"minecraft:coal":129},"minecraft:crafted":{"minecraft:smooth_stone":16,"minecraft:blast_furnace":3,"minecraft:furnace":13,"croptopia:toast":262,"minecraft:stone":48,"minecraft:iron_bars":16,"minecraft:hopper":14,"minecraft:ladder":33,"minecraft:chest":14,"minecraft:emerald":112,"iceandfire:silver_ingot":4,"minecraft:crafting_table":3,"minecraft:copper_ingot":70,"minecraft:bucket":1,"minecraft:hay_block":75,"minecraft:enchanted_book":7,"minecraft:bread":351,"minecraft:air":0,"minecraft:apple":4,"minecraft:paper":753,"minecraft:shield":1,"minecraft:raw_gold":18,"minecraft:stone_slab":6,"minecraft:stick":72,"minecraft:flint":4,"minecraft:iron_ingot":63,"minecraft:iron_block":3,"minecraft:gold_ingot":42,"minecraft:anvil":1,"hmag:lemon":4,"minecraft:clay":192},"minecraft:killed":{"minecraft:vindicator":34,"alexsmobs:raccoon":1,"minecraft:spider":2,"hmag:drowned_girl":1,"grimoireofgaia:minotaurus":2,"hmag:zombie_girl":1,"minecraft:drowned":3,"artifacts:mimic":1,"minecraft:creeper":1,"minecraft:pillager":8,"evilcraft:poisonous_libelle":1,"minecraft:zombie":2,"grimoireofgaia:harpy":2,"tombstone:spectral_wolf":1,"minecraft:cow":2},"minecraft:custom":{"minecraft:interact_with_smithing_table":1,"minecraft:interact_with_anvil":9,"minecraft:mob_kills":62,"minecraft:inspect_hopper":1,"minecraft:interact_with_crafting_table":35,"minecraft:open_barrel":29,"goblintraders:trade_with_goblin":74,"minecraft:damage_dealt_resisted":0,"minecraft:leave_game":1,"minecraft:time_since_death":146280,"minecraft:climb_one_cm":57480,"minecraft:sprint_one_cm":693955,"minecraft:walk_one_cm":1023717,"minecraft:damage_blocked_by_shield":525,"minecraft:drop":26,"minecraft:talked_to_villager":61,"minecraft:play_time":324250,"minecraft:deaths":2,"minecraft:sneak_time":4323,"minecraft:walk_under_water_one_cm":10419,"minecraft:jump":2509,"minecraft:interact_with_brewingstand":1,"minecraft:walk_on_water_one_cm":70728,"minecraft:total_world_time":324250,"minecraft:interact_with_furnace":73,"tombstone:raider_killed":42,"minecraft:traded_with_villager":117,"minecraft:interact_with_stonecutter":1,"minecraft:sleep_in_bed":7,"minecraft:time_since_rest":11641,"minecraft:damage_taken":2577,"minecraft:trigger_trapped_chest":3,"minecraft:damage_dealt":11692,"minecraft:swim_one_cm":37837,"minecraft:fly_one_cm":528291,"minecraft:open_chest":394,"minecraft:crouch_one_cm":7159,"tombstone:undead_killed":8,"minecraft:interact_with_smoker":5,"minecraft:fall_one_cm":62594},"minecraft:dropped":{"minecraft:oak_slab":2,"minecraft:wheat_seeds":30,"minecraft:lilac":1,"minecraft:item_frame":1,"minecraft:spruce_fence_gate":1,"minecraft:torch":1,"minecraft:cornflower":2,"tombstone:grave_dust":1,"minecraft:gold_nugget":1,"biomesoplenty:toadstool":1,"minecraft:oak_trapdoor":4,"minecraft:iron_nugget":1,"minecraft:composter":1,"iceandfire:ghost_chest":1,"minecraft:flower_pot":2},"minecraft:mined":{"alexscaves:spelunkery_table":2,"minecraft:red_carpet":53,"minecraft:white_bed":5,"iceandfire:silver_ore":4,"minecraft:brewing_stand":1,"minecraft:granite":3,"minecraft:ladder":24,"minecraft:stripped_crimson_hyphae":3,"biomesoplenty:bush":7,"minecraft:stone_button":1,"minecraft:grass_block":28,"gobber2:gobber2_lucky_block":7,"minecraft:potted_mangrove_propagule":1,"iceandfire:lectern":3,"minecraft:composter":6,"minecraft:oxeye_daisy":1,"minecraft:spawner":2,"minecraft:tall_seagrass":1,"minecraft:oak_trapdoor":4,"minecraft:furnace":3,"minecraft:carrots":1,"biomesoplenty:toadstool":2,"minecraft:iron_ore":23,"minecraft:barrel":8,"evilcraft:dark_ore":12,"minecraft:dirt_path":1,"minecraft:bookshelf":255,"biomesoplenty:high_grass":659,"minecraft:vine":2,"minecraft:oak_stairs":7,"minecraft:iron_bars":4,"minecraft:lantern":1,"minecraft:potted_cornflower":3,"minecraft:stone":1222,"iceandfire:podium_spruce":1,"iceandfire:pixie_jar_empty":2,"minecraft:smithing_table":1,"minecraft:oak_slab":14,"minecraft:smoker":1,"minecraft:crafting_table":3,"minecraft:torch":1,"minecraft:blast_furnace":7,"minecraft:melon":2,"iceandfire:ghost_chest":1,"minecraft:chest":65,"minecraft:cobblestone":3,"minecraft:lectern":8,"minecraft:stone_slab":1,"biomesoplenty:high_grass_plant":1246,"minecraft:copper_ore":11,"minecraft:tall_grass":55,"minecraft:lapis_ore":7,"minecraft:oak_planks":84,"minecraft:sugar_cane":1,"botanypots:black_glazed_terracotta_hopper_botany_pot":12,"minecraft:wall_torch":17,"biomesoplenty:pink_daffodil":11,"minecraft:lilac":1,"minecraft:white_carpet":3,"minecraft:tnt":4,"minecraft:potted_poppy":1,"minecraft:smooth_stone_slab":1,"biomesoplenty:clover":1,"minecraft:grass":683,"minecraft:potted_azure_bluet":1,"minecraft:coal_ore":77,"minecraft:gravel":39,"minecraft:dirt":118,"minecraft:gray_carpet":30,"minecraft:polished_andesite":1,"minecraft:spruce_fence_gate":1,"minecraft:infested_stone":1,"minecraft:gold_ore":6,"biomesoplenty:reed":4,"minecraft:fern":61,"paraglider:goddess_statue":2},"minecraft:used":{"iceandfire:lectern":3,"minecraft:oak_trapdoor":1,"minecraft:iron_bars":5,"minecraft:ladder":57,"minecraft:brewing_stand":1,"minecraft:chest":64,"minecraft:shield":15,"minecraft:stone":229,"botanypots:black_glazed_terracotta_hopper_botany_pot":12,"minecraft:torch":36,"paraglider:goddess_statue":2,"minecraft:dirt":2,"minecraft:anvil":1,"minecraft:hopper":13,"minecraft:carrot":1,"cataclysm:infernal_forge":387,"minecraft:lantern":4,"minecraft:spawner":1,"minecraft:barrel":9,"minecraft:item_frame":2,"alexscaves:spelunkery_table":3,"minecraft:red_carpet":52,"minecraft:furnace":6,"tombstone:gift":4,"iceandfire:pixie_jar_empty":2,"minecraft:water_bucket":22,"minecraft:gray_carpet":5,"minecraft:polished_andesite":1,"minecraft:oak_planks":153,"minecraft:composter":5,"minecraft:diamond_axe":522,"iceandfire:podium_spruce":1,"minecraft:blast_furnace":10,"minecraft:crafting_table":6,"minecraft:white_bed":5,"tombstone:tablet_of_home":3,"minecraft:smoker":1,"minecraft:diamond_pickaxe":1807,"minecraft:diamond_shovel":149,"minecraft:oxeye_daisy":1,"biomesoplenty:pink_daffodil":1,"minecraft:lectern":7,"minecraft:stone_slab":4,"croptopia:toast":38,"minecraft:cobblestone":26,"minecraft:stripped_crimson_hyphae":1,"minecraft:smithing_table":1,"minecraft:bucket":23,"evilcraft:dark_ore":6},"minecraft:killed_by":{"grimoireofgaia:cecaelia":1,"minecraft:zombie":1}},"DataVersion":3465}