{"stats":{"minecraft:broken":{"minecraft:leather_boots":1,"minecraft:iron_boots":1},"minecraft:custom":{"minecraft:interact_with_smithing_table":2,"minecraft:mob_kills":12,"minecraft:interact_with_crafting_table":1,"minecraft:open_barrel":6,"minecraft:interact_with_loom":1,"minecraft:damage_dealt_resisted":0,"minecraft:leave_game":4,"minecraft:time_since_death":9422,"minecraft:sleep_in_bed":1,"minecraft:climb_one_cm":641,"minecraft:time_since_rest":9261,"minecraft:sprint_one_cm":7,"minecraft:damage_taken":14678,"minecraft:walk_one_cm":828770,"minecraft:drop":19,"minecraft:damage_dealt":5153,"minecraft:fly_one_cm":20777,"minecraft:open_chest":15,"minecraft:crouch_one_cm":60,"minecraft:play_time":221848,"tombstone:undead_killed":5,"minecraft:deaths":48,"minecraft:walk_under_water_one_cm":6760,"minecraft:jump":1278,"minecraft:interact_with_blast_furnace":1,"minecraft:walk_on_water_one_cm":45759,"minecraft:total_world_time":221848,"minecraft:fall_one_cm":22671},"minecraft:killed":{"minecraft:wolf":1,"hmag:ghost":1,"grimoireofgaia:bone_knight":1,"grimoireofgaia:minotaurus":2,"minecraft:sheep":1,"hmag:zombie_girl":1,"minecraft:zombie":2,"minecraft:chicken":1,"grimoireofgaia:harpy":2},"minecraft:killed_by":{"man:managgresive":1,"grimoireofgaia:cecaelia":5,"grimoireofgaia:bone_knight":5,"grimoireofgaia:deathword":1,"grimoireofgaia:minotaurus":14,"minecraft:skeleton":3,"grimoireofgaia:harpy":2,"minecraft:spider":1,"minecraft:witch":1,"minecraft:zombie":1,"minecraft:pillager":1,"hmag:skeleton_girl":1,"iceandfire:ghost":1,"grimoireofgaia:flesh_lich":3,"iceandfire:fire_dragon":6,"grimoireofgaia:werecat":1},"minecraft:used":{"minecraft:iron_shovel":7,"iceandfire:chared_dirt":2,"minecraft:dirt":86,"minecraft:white_bed":2,"minecraft:diamond_pickaxe":42,"minecraft:iron_axe":5,"croptopia:toast":7,"minecraft:diamond_sword":392,"supplementaries:ash":2,"tombstone:gift":1},"minecraft:mined":{"biomesoplenty:glowshroom":2,"minecraft:white_bed":2,"minecraft:glass_pane":2,"minecraft:glow_lichen":4,"minecraft:cornflower":1,"biomesoplenty:bush":1,"minecraft:grass_block":14,"minecraft:copper_ore":14,"biomesoplenty:high_grass_plant":2,"croptopia:broccoli_crop":1,"iceandfire:chared_dirt":8,"minecraft:coarse_dirt":19,"biomesoplenty:pink_daffodil":1,"iceandfire:chared_gravel":12,"croptopia:blueberry_crop":1,"minecraft:yellow_bed":1,"croptopia:chile_pepper_crop":3,"biomesoplenty:clover":1,"minecraft:grass":9,"minecraft:dirt_path":3,"biomesoplenty:high_grass":7,"iceandfire:gold_pile":11,"biomesoplenty:fir_leaves":2,"minecraft:dirt":148,"minecraft:stone":26,"minecraft:fern":9},"minecraft:picked_up":{"croptopia:toast":63,"minecraft:birch_log":3,"minecraft:coarse_dirt":19,"minecraft:iron_chestplate":1,"minecraft:wheat":1,"minecraft:feather":4,"minecraft:chicken":1,"minecraft:chainmail_boots":1,"croptopia:broccoli_seed":1,"croptopia:broccoli":1,"minecraft:brown_mushroom":1,"biomesoplenty:glowshroom":2,"minecraft:diamond_sword":2,"tombstone:grave_key":1,"minecraft:chain":1,"iceandfire:ectoplasm":1,"minecraft:shield":2,"croptopia:blueberry_seed":1,"minecraft:cornflower":1,"minecraft:dirt":176,"biomesoplenty:fir_door":1,"minecraft:raw_copper":46,"minecraft:iron_axe":1,"minecraft:leather_boots":1,"minecraft:iron_shovel":1,"minecraft:wheat_seeds":5,"minecraft:gold_nugget":185,"biomesoplenty:fir_planks":16,"croptopia:raspberry":1,"minecraft:cobweb":6,"minecraft:iron_nugget":2,"minecraft:iron_pickaxe":1,"croptopia:blueberry":1,"iceandfire:chared_stone":1,"croptopia:chile_pepper_seed":5,"minecraft:raw_iron":4,"hmag:soul_powder":1,"minecraft:torch":3,"minecraft:dandelion":4,"minecraft:white_bed":3,"minecraft:carrot":7,"croptopia:chile_pepper":3,"minecraft:rotten_flesh":4,"minecraft:chainmail_leggings":1,"iceandfire:chared_dirt":8,"biomesoplenty:pink_daffodil":1,"alexsmobs:banana_slug_slime":1,"iceandfire:armor_green_helmet":1,"minecraft:mutton":2,"iceandfire:chared_gravel":7,"minecraft:white_wool":1,"minecraft:cobblestone":14,"minecraft:diamond_pickaxe":1},"minecraft:dropped":{"croptopia:toast":5,"minecraft:white_bed":1,"minecraft:dirt":8,"supplementaries:ash":1,"tombstone:grave_key":2,"minecraft:chain":1,"minecraft:gold_nugget":1}},"DataVersion":3465}