{"stats":{"minecraft:mined":{"biomesoplenty:fir_leaves":2},"minecraft:killed_by":{"minecraft:zombie":1,"grimoireofgaia:cecaelia":2},"minecraft:custom":{"minecraft:jump":45,"minecraft:open_chest":1,"minecraft:time_since_rest":17702,"minecraft:deaths":3,"minecraft:damage_taken":938,"minecraft:play_time":33136,"minecraft:walk_on_water_one_cm":1023,"minecraft:time_since_death":0,"minecraft:walk_one_cm":41804,"minecraft:total_world_time":33136,"minecraft:fall_one_cm":1303,"minecraft:fly_one_cm":527},"minecraft:picked_up":{"croptopia:raspberry":1}},"DataVersion":3465}