{"stats":{"minecraft:broken":{"minecraft:iron_boots":1,"minecraft:leather_boots":1,"minecraft:iron_pickaxe":1,"iceandfire:armor_green_helmet":1},"minecraft:custom":{"minecraft:interact_with_smithing_table":2,"minecraft:mob_kills":34,"minecraft:interact_with_crafting_table":31,"minecraft:open_barrel":6,"minecraft:damage_dealt_resisted":83,"minecraft:leave_game":6,"minecraft:time_since_death":60879,"minecraft:climb_one_cm":641,"minecraft:damage_resisted":0,"minecraft:sprint_one_cm":163,"minecraft:walk_one_cm":1804734,"minecraft:damage_blocked_by_shield":120,"minecraft:drop":336,"minecraft:play_time":553710,"minecraft:sneak_time":12,"minecraft:deaths":62,"minecraft:walk_under_water_one_cm":18583,"minecraft:boat_one_cm":42435,"minecraft:jump":2579,"minecraft:interact_with_blast_furnace":2,"minecraft:walk_on_water_one_cm":123684,"minecraft:total_world_time":553710,"minecraft:interact_with_furnace":7,"minecraft:interact_with_loom":1,"minecraft:sleep_in_bed":2,"minecraft:time_since_rest":22002,"minecraft:damage_taken":20293,"minecraft:damage_dealt":11092,"minecraft:fly_one_cm":39008,"minecraft:open_chest":46,"minecraft:crouch_one_cm":60,"tombstone:undead_killed":13,"minecraft:fall_one_cm":48143},"minecraft:killed":{"minecraft:cave_spider":1,"alexsmobs:raccoon":1,"grimoireofgaia:minotaurus":3,"minecraft:skeleton":1,"hmag:zombie_girl":1,"minecraft:chicken":2,"minecraft:drowned":3,"minecraft:wolf":1,"hmag:ghost":3,"minecraft:pig":4,"grimoireofgaia:bone_knight":1,"minecraft:sheep":5,"minecraft:zombie":3,"iceandfire:ghost":1,"grimoireofgaia:harpy":3,"minecraft:cow":1},"minecraft:killed_by":{"minecraft:husk":2,"minecraft:creeper":1,"minecraft:spider":1,"hmag:catoblepas":1,"minecraft:pillager":1,"hmag:drowned_girl":1,"grimoireofgaia:flesh_lich":3,"grimoireofgaia:werecat":1,"man:managgresive":1,"grimoireofgaia:cecaelia":6,"grimoireofgaia:bone_knight":8,"grimoireofgaia:minotaurus":16,"grimoireofgaia:deathword":1,"minecraft:skeleton":3,"grimoireofgaia:harpy":3,"minecraft:witch":1,"minecraft:zombie":2,"alexsmobs:grizzly_bear":1,"hmag:skeleton_girl":1,"iceandfire:ghost":1,"iceandfire:fire_dragon":6},"minecraft:crafted":{"minecraft:oak_door":3,"minecraft:oak_planks":40,"minecraft:pink_bed":1,"minecraft:cooked_chicken":1,"minecraft:furnace":4,"minecraft:cobblestone_stairs":8,"minecraft:pink_dye":1,"minecraft:cooked_mutton":2,"minecraft:diamond_leggings":1,"minecraft:diamond_boots":1,"minecraft:chest":14,"minecraft:spruce_boat":1,"minecraft:cooked_beef":3,"minecraft:diamond_sword":1,"minecraft:cooked_porkchop":8,"minecraft:diamond_axe":1,"minecraft:spruce_planks":96,"sophisticatedbackpacks:gold_backpack":1,"cfm:spruce_chair":4,"minecraft:diamond_pickaxe":1,"minecraft:torch":20,"cfm:spruce_coffee_table":4,"minecraft:diamond_chestplate":1},"minecraft:used":{"minecraft:iron_shovel":7,"minecraft:rose_bush":2,"minecraft:redstone":1,"minecraft:chest":14,"minecraft:shield":2,"minecraft:oak_door":2,"minecraft:torch":40,"minecraft:dirt":259,"minecraft:spruce_boat":1,"minecraft:iron_axe":5,"cfm:spruce_coffee_table":4,"minecraft:smooth_basalt":5,"supplementaries:ash":2,"minecraft:furnace":4,"tombstone:gift":3,"minecraft:cobbled_deepslate":194,"minecraft:cobblestone_stairs":9,"minecraft:diamond_axe":44,"iceandfire:chared_dirt":2,"cfm:spruce_chair":5,"minecraft:sand":16,"minecraft:crafting_table":2,"minecraft:white_bed":3,"minecraft:diamond_pickaxe":1933,"minecraft:sunflower":4,"minecraft:iron_pickaxe":519,"minecraft:pink_bed":1,"croptopia:toast":27,"minecraft:diamond_sword":675,"minecraft:cobblestone":357},"minecraft:mined":{"minecraft:large_amethyst_bud":1,"biomesoplenty:glowshroom":2,"minecraft:white_bed":4,"iceandfire:silver_ore":9,"minecraft:cobblestone_stairs":3,"minecraft:glow_lichen":4,"minecraft:budding_amethyst":1,"biomesoplenty:bush":1,"minecraft:grass_block":334,"gobber2:gobber2_lucky_block":24,"minecraft:redstone_wire":1,"iceandfire:chared_dirt":8,"minecraft:spruce_leaves":14,"minecraft:iron_ore":13,"minecraft:cobbled_deepslate":74,"croptopia:blueberry_crop":1,"iceandfire:chared_gravel":12,"minecraft:pumpkin":1,"biomesoplenty:high_grass":63,"minecraft:dirt_path":3,"iceandfire:gold_pile":11,"minecraft:stone":1152,"minecraft:deepslate_redstone_ore":3,"minecraft:glass_pane":2,"minecraft:dandelion":1,"minecraft:cornflower":1,"minecraft:crafting_table":2,"minecraft:torch":13,"minecraft:calcite":4,"minecraft:rose_bush":3,"minecraft:copper_ore":93,"minecraft:tall_grass":3,"biomesoplenty:high_grass_plant":116,"cfm:spruce_chair":1,"minecraft:cobblestone":143,"croptopia:broccoli_crop":1,"biomesoplenty:sprout":10,"minecraft:deepslate_gold_ore":7,"minecraft:wall_torch":2,"minecraft:amethyst_block":13,"minecraft:coarse_dirt":19,"biomesoplenty:pink_daffodil":9,"minecraft:lilac":3,"minecraft:spruce_log":13,"minecraft:yellow_bed":1,"croptopia:chile_pepper_crop":3,"minecraft:grass":259,"biomesoplenty:clover":1,"minecraft:coal_ore":99,"biomesoplenty:fir_leaves":2,"minecraft:sunflower":11,"minecraft:gravel":4,"minecraft:sand":19,"minecraft:dirt":184,"minecraft:smooth_basalt":5,"minecraft:tripwire_hook":1,"minecraft:deepslate":81,"minecraft:oak_leaves":4,"minecraft:fern":9},"minecraft:picked_up":{"croptopia:toast":63,"minecraft:iron_chestplate":1,"minecraft:coarse_dirt":19,"minecraft:crafting_table":2,"minecraft:wheat":1,"minecraft:chainmail_boots":1,"minecraft:chicken":2,"croptopia:broccoli":1,"minecraft:brown_mushroom":1,"artifacts:umbrella":1,"minecraft:diamond_sword":2,"minecraft:enchanted_book":1,"tombstone:grave_key":1,"minecraft:chain":1,"minecraft:shield":2,"minecraft:amethyst_block":8,"minecraft:cornflower":1,"biomesoplenty:fir_door":1,"minecraft:raw_copper":371,"minecraft:iron_axe":2,"minecraft:iron_shovel":1,"minecraft:cobbled_deepslate":256,"minecraft:gold_nugget":188,"cannibal:fresh_flesh":1,"biomesoplenty:fir_planks":16,"minecraft:beef":3,"minecraft:rose_bush":2,"dynamictrees:oak_seed":3,"minecraft:calcite":3,"minecraft:iron_nugget":3,"minecraft:iron_pickaxe":1,"croptopia:blueberry":1,"alexsmobs:raccoon_tail":1,"minecraft:egg":1,"minecraft:stick":12,"minecraft:raw_iron":14,"minecraft:copper_ingot":1,"minecraft:torch":29,"sophisticatedbackpacks:backpack":1,"minecraft:porkchop":8,"tombstone:grave_dust":2,"minecraft:carrot":8,"minecraft:redstone":5,"gobber2:gobber2_foo":7,"minecraft:rotten_flesh":11,"iceandfire:chared_dirt":8,"cfm:spruce_chair":1,"minecraft:gold_ingot":37,"supplementaries:ash":6,"iceandfire:armor_green_helmet":1,"minecraft:mutton":7,"minecraft:white_wool":4,"minecraft:cobblestone":1097,"minecraft:birch_log":3,"minecraft:feather":8,"minecraft:lilac":3,"minecraft:glow_ink_sac":3,"croptopia:broccoli_seed":1,"minecraft:tripwire_hook":1,"minecraft:leather":2,"biomesoplenty:glowshroom":2,"minecraft:oak_log":11,"iceandfire:ectoplasm":1,"minecraft:cobblestone_stairs":4,"croptopia:blueberry_seed":1,"minecraft:dirt":526,"tombstone:gift":2,"minecraft:spawner":1,"minecraft:leather_boots":1,"minecraft:bone":1,"gobber2:gobber2_gooey_beef":6,"minecraft:wheat_seeds":29,"minecraft:raw_gold":7,"alexsmobs:cockroach_wing_fragment":1,"croptopia:raspberry":1,"minecraft:cobweb":6,"gobber2:gobber2_gooey_bread":4,"iceandfire:chared_stone":1,"croptopia:chile_pepper_seed":5,"minecraft:smooth_basalt":5,"minecraft:pumpkin":1,"hmag:soul_powder":1,"minecraft:dandelion":4,"minecraft:gravel":4,"minecraft:sand":17,"minecraft:amethyst_shard":2,"minecraft:spruce_sapling":2,"sophisticatedbackpacks:iron_backpack":1,"minecraft:white_bed":5,"minecraft:spruce_log":31,"croptopia:chile_pepper":3,"minecraft:diamond":78,"minecraft:spruce_boat":1,"minecraft:chainmail_leggings":1,"minecraft:gray_wool":1,"alexsmobs:banana_slug_slime":1,"biomesoplenty:pink_daffodil":13,"gobber2:gobber2_goo":5,"iceandfire:chared_gravel":7,"minecraft:coal":96,"iceandfire:raw_silver":8,"minecraft:sunflower":9,"minecraft:diamond_pickaxe":1},"minecraft:dropped":{"minecraft:wheat_seeds":8,"minecraft:cobblestone":600,"minecraft:stick":6,"minecraft:cobblestone_stairs":1,"minecraft:dirt":48,"minecraft:torch":1,"tombstone:grave_key":2,"minecraft:chain":1,"minecraft:gold_nugget":1,"minecraft:pumpkin":1,"croptopia:toast":5,"minecraft:raw_copper":128,"tombstone:gift":1,"minecraft:raw_iron":3,"minecraft:rotten_flesh":12,"sophisticatedbackpacks:backpack":1,"minecraft:white_bed":1,"minecraft:carrot":7,"supplementaries:ash":1,"minecraft:diamond_pickaxe":1}},"DataVersion":3465}