{"stats":{"minecraft:used":{"minecraft:chest":36,"minecraft:torch":12,"alexsmobs:animal_dictionary":1,"minecraft:stone":97,"botanypots:black_glazed_terracotta_hopper_botany_pot":13},"minecraft:custom":{"minecraft:jump":134,"minecraft:time_since_rest":26890,"minecraft:leave_game":1,"minecraft:crouch_one_cm":1071,"minecraft:sprint_one_cm":13135,"minecraft:play_time":26890,"minecraft:time_since_death":26890,"minecraft:walk_one_cm":102755,"minecraft:sneak_time":194,"minecraft:total_world_time":26890,"minecraft:fall_one_cm":3553,"minecraft:fly_one_cm":35616,"minecraft:open_chest":10},"minecraft:picked_up":{"biomesoplenty:toadstool":1,"croptopia:rutabaga_seed":1,"minecraft:torch":1}},"DataVersion":3465}